CHROM,POS,REF,ALT,SYMBOL,IMPACT,Consequence,HGVSc,HGVSp,Existing_variation,ClinVar_CLNSIG,ClinVar_CLNDN,ClinVar_CLNREVSTAT,ClinVar_CLNHGVS,Final_score,Final_priority,Final_priority_reasons,Caller
chr12,103237555,G,T,PAH,HIGH,stop_gained&splice_region_variant,ENST00000307000.2:c.1053C>A,ENSP00000303500.2:p.Tyr351Ter,rs62516095&CM930560&CM941138,Pathogenic,not_provided&Phenylketonuria,reviewed_by_expert_panel,NC_000012.11:g.103237555G>T,15,High,ClinVar pathogenic; HIGH impact; severe functional consequence; splice region,VarScan
chr12,103271240,AG,A,PAH,HIGH,frameshift_variant&splice_region_variant,ENST00000307000.2:c.425del,ENSP00000303500.2:p.Pro142LeufsTer48,CM1111672&COSV100187785,Likely_pathogenic,Phenylketonuria,criteria_provided&_single_submitter,NC_000012.11:g.103271243del,14,High,ClinVar likely pathogenic; HIGH impact; severe functional consequence; splice region,VarScan
chr12,103237469,AG,A,PAH,HIGH,frameshift_variant,ENST00000307000.2:c.1138del,ENSP00000303500.2:p.Leu380SerfsTer15,rs1565842203,Pathogenic,Phenylketonuria,criteria_provided&_single_submitter,NC_000012.11:g.103237473del,13,High,ClinVar pathogenic; HIGH impact; severe functional consequence,VarScan
chr12,103237495,AT,A,PAH,HIGH,frameshift_variant,ENST00000307000.2:c.1112del,ENSP00000303500.2:p.Asn371IlefsTer24,rs62642921&CD068112,Pathogenic,not_provided&Phenylketonuria,reviewed_by_expert_panel,NC_000012.11:g.103237499del,13,High,ClinVar pathogenic; HIGH impact; severe functional consequence,VarScan
chr12,103237523,AG,A,PAH,HIGH,frameshift_variant,ENST00000307000.2:c.1084del,ENSP00000303500.2:p.Leu362TrpfsTer33,rs62506951&CD015350&HM971459,Pathogenic,not_provided&Phenylketonuria,reviewed_by_expert_panel,NC_000012.11:g.103237528del,13,High,ClinVar pathogenic; HIGH impact; severe functional consequence,VarScan
chr12,103238154,GC,G,PAH,HIGH,frameshift_variant,ENST00000307000.2:c.1009del,ENSP00000303500.2:p.Ala337HisfsTer58,rs63581460&CD982849&CM930558&CM971134,Pathogenic,not_provided&Phenylketonuria,reviewed_by_expert_panel,NC_000012.11:g.103238156del,13,High,ClinVar pathogenic; HIGH impact; severe functional consequence,VarScan
chr12,103245469,GA,G,PAH,HIGH,frameshift_variant,ENST00000307000.2:c.892del,ENSP00000303500.2:p.Ser298ProfsTer38,rs62642920&CD056833&CM010973&CM981448,Pathogenic,not_provided&Phenylketonuria,reviewed_by_expert_panel,NC_000012.11:g.103245473del,13,High,ClinVar pathogenic; HIGH impact; severe functional consequence,VarScan
chr12,103246597,CG,C,PAH,HIGH,frameshift_variant,ENST00000307000.2:c.822del,ENSP00000303500.2:p.Glu275AsnfsTer61,rs281865429&CD993067&COSV104596248&COSV61015202,Pathogenic,Phenylketonuria,reviewed_by_expert_panel,NC_000012.11:g.103246602del,13,High,ClinVar pathogenic; HIGH impact; severe functional consequence,VarScan
chr12,103249056,GC,G,PAH,HIGH,frameshift_variant,ENST00000307000.2:c.548del,ENSP00000303500.2:p.Gly183AlafsTer7,rs62507260&CD011181&CM078134,Pathogenic,not_provided&Phenylketonuria,criteria_provided&_single_submitter,NC_000012.11:g.103249060del,13,High,ClinVar pathogenic; HIGH impact; severe functional consequence,VarScan
chr12,103260435,TA,T,PAH,HIGH,frameshift_variant,ENST00000307000.2:c.432del,ENSP00000303500.2:p.Phe144LeufsTer46,,Pathogenic,Phenylketonuria,criteria_provided&_single_submitter,NC_000012.11:g.103260439del,13,High,ClinVar pathogenic; HIGH impact; severe functional consequence,VarScan
chr12,103260442,C,T,PAH,HIGH,splice_acceptor_variant,ENST00000307000.2:c.427-1G>A,,rs62514907&CS910453&COSV100188291,Pathogenic,not_provided&Phenylketonuria,reviewed_by_expert_panel,NC_000012.11:g.103260442C>T,13,High,ClinVar pathogenic; HIGH impact; severe functional consequence,VarScan
chr12,103310895,AC,A,PAH,HIGH,frameshift_variant,ENST00000546844.1:c.13del,ENSP00000446658.1:p.Val5SerfsTer33,rs1592991243&CD1511415,Pathogenic,Phenylketonuria,reviewed_by_expert_panel,NC_000012.11:g.103310897del,13,High,ClinVar pathogenic; HIGH impact; severe functional consequence,VarScan
chr12,103234192,G,T,PAH,MODERATE,missense_variant,ENST00000307000.2:c.1286C>A,ENSP00000303500.2:p.Ala429Asp,rs199475659&CM043320&CM1314653,Pathogenic,not_provided&Phenylketonuria,reviewed_by_expert_panel,NC_000012.11:g.103234192G>T,10,High,ClinVar pathogenic; MODERATE impact; missense,VarScan
chr12,103234255,C,G,PAH,MODERATE,missense_variant,ENST00000307000.2:c.1223G>C,ENSP00000303500.2:p.Arg408Pro,rs79931499&CM920563&COSV61015579,Pathogenic,not_provided&Phenylketonuria,reviewed_by_expert_panel,NC_000012.11:g.103234255C>G,10,High,ClinVar pathogenic; MODERATE impact; missense,VarScan
chr12,103249009,T,C,PAH,MODERATE,missense_variant,ENST00000307000.2:c.596A>G,ENSP00000303500.2:p.Tyr199Cys,rs62514927&CM123352&CS971842,Pathogenic,not_provided&Phenylketonuria,reviewed_by_expert_panel,NC_000012.11:g.103249009T>C,10,High,ClinVar pathogenic; MODERATE impact; missense,VarScan
chr12,103260401,A,G,PAH,MODERATE,missense_variant,ENST00000307000.2:c.467T>C,ENSP00000303500.2:p.Phe156Ser,rs79635844&CM920545,Pathogenic,not_provided&Phenylketonuria,criteria_provided&_multiple_submitters&_no_conflicts,NC_000012.11:g.103260401A>G,10,High,ClinVar pathogenic; MODERATE impact; missense,VarScan
chr12,103238134,A,C,PAH,MODERATE,missense_variant,ENST00000307000.2:c.1030T>G,ENSP00000303500.2:p.Ser344Ala,rs62508646&CM056673&CM910293,Pathogenic/Likely_pathogenic,not_provided&Phenylketonuria,criteria_provided&_multiple_submitters&_no_conflicts,NC_000012.11:g.103238134A>C,9,High,ClinVar likely pathogenic; MODERATE impact; missense,VarScan
chr12,103246707,C,T,PAH,MODERATE,missense_variant,ENST00000307000.2:c.713G>A,ENSP00000303500.2:p.Arg238Gln,rs62508588&CM910283&CM993955,Pathogenic/Likely_pathogenic,PAH-related_disorder&Inborn_genetic_diseases&not_provided&Phenylketonuria,criteria_provided&_multiple_submitters&_no_conflicts,NC_000012.11:g.103246707C>T,9,High,ClinVar likely pathogenic; MODERATE impact; missense,VarScan
chr12,103232960,AT,A,PAH,HIGH,frameshift_variant,ENST00000307000.2:c.1336del,ENSP00000303500.2:p.Ile446Ter,,,,,,8,High,HIGH impact; severe functional consequence,VarScan
chr12,103232969,AG,A,PAH,HIGH,frameshift_variant,ENST00000307000.2:c.1327del,ENSP00000303500.2:p.Leu443SerfsTer4,COSV100188345,,,,,8,High,HIGH impact; severe functional consequence,VarScan
chr12,103232978,CA,C,PAH,HIGH,frameshift_variant,ENST00000307000.2:c.1318del,ENSP00000303500.2:p.Cys440AlafsTer7,,,,,,8,High,HIGH impact; severe functional consequence,VarScan
chr12,103232984,AT,A,PAH,HIGH,frameshift_variant,ENST00000307000.2:c.1312del,ENSP00000303500.2:p.Ile438SerfsTer9,,,,,,8,High,HIGH impact; severe functional consequence,VarScan
chr12,103232988,C,CA,PAH,HIGH,frameshift_variant,ENST00000307000.2:c.1308dup,ENSP00000303500.2:p.Gly437TrpfsTer47,,,,,,8,High,HIGH impact; severe functional consequence,VarScan
chr12,103234194,CA,C,PAH,HIGH,frameshift_variant,ENST00000307000.2:c.1283del,ENSP00000303500.2:p.Leu428TrpfsTer19,,,,,,8,High,HIGH impact; severe functional consequence,VarScan
chr12,103234237,TG,T,PAH,HIGH,frameshift_variant,ENST00000307000.2:c.1240del,ENSP00000303500.2:p.Gln414LysfsTer33,,,,,,8,High,HIGH impact; severe functional consequence,VarScan
chr12,103234280,TG,T,PAH,HIGH,frameshift_variant,ENST00000307000.2:c.1197del,ENSP00000303500.2:p.Thr400GlnfsTer47,,,,,,8,High,HIGH impact; severe functional consequence,VarScan
chr12,103234286,CA,C,PAH,HIGH,frameshift_variant,ENST00000307000.2:c.1191del,ENSP00000303500.2:p.Phe397LeufsTer50,,,,,,8,High,HIGH impact; severe functional consequence,VarScan
chr12,103234289,AG,A,PAH,HIGH,frameshift_variant,ENST00000307000.2:c.1188del,ENSP00000303500.2:p.Phe397LeufsTer50,,,,,,8,High,HIGH impact; severe functional consequence,VarScan
chr12,103237428,CT,C,PAH,HIGH,frameshift_variant,ENST00000307000.2:c.1179del,ENSP00000303500.2:p.Val394Ter,CM071051&CS991476&COSV61018686&COSV61019558,,,,,8,High,HIGH impact; severe functional consequence,VarScan
chr12,103237428,CTTTCTC,CTTCTC,PAH,HIGH,frameshift_variant,ENST00000307000.2:c.1179del,ENSP00000303500.2:p.Val394Ter,,,,,,8,High,HIGH impact; severe functional consequence,FreeBayes
