CHROM,POS,REF,ALT,In_FreeBayes,In_VarScan,SYMBOLS_FreeBayes,SYMBOLS_VarScan,IMPACTS_FreeBayes,IMPACTS_VarScan,CONSEQUENCES_FreeBayes,CONSEQUENCES_VarScan,HGVSc_FreeBayes,HGVSc_VarScan,HGVSp_FreeBayes,HGVSp_VarScan,ClinVar_CLNSIG_FreeBayes,ClinVar_CLNSIG_VarScan,ClinVar_CLNDN_FreeBayes,ClinVar_CLNDN_VarScan,ClinVar_CLNREVSTAT_FreeBayes,ClinVar_CLNREVSTAT_VarScan,Existing_variation_FreeBayes,Existing_variation_VarScan
chr12,103232956,C,CT,No,Yes,,,,,,,,,,,,,,,,,,
chr12,103232960,AT,A,No,Yes,,,,,,,,,,,,,,,,,,
chr12,103232969,AG,A,No,Yes,,,,,,,,,,,,,,,,,,
chr12,103232978,CA,C,No,Yes,,,,,,,,,,,,,,,,,,
chr12,103232984,AT,A,No,Yes,,,,,,,,,,,,,,,,,,
chr12,103232988,C,CA,No,Yes,,,,,,,,,,,,,,,,,,
chr12,103233000,C,CA,No,Yes,,,,,,,,,,,,,,,,,,
chr12,103233004,G,GA,No,Yes,,,,,,,,,,,,,,,,,,
chr12,103233016,CA,C,No,Yes,,,,,,,,,,,,,,,,,,
chr12,103233021,T,TG,No,Yes,,,,,,,,,,,,,,,,,,
chr12,103234153,GC,G,No,Yes,,,,,,,,,,,,,,,,,,
chr12,103234192,G,T,No,Yes,,PAH,,MODERATE;MODIFIER,,downstream_gene_variant;missense_variant,,ENST00000307000.2:c.1286C>A;ENST00000553106.1:c.1301C>A,,ENSP00000303500.2:p.Ala429Asp;ENSP00000448059.1:p.Ala434Asp,,Pathogenic,,not_provided&Phenylketonuria,,reviewed_by_expert_panel,,rs199475659&CM043320&CM1314653
chr12,103234194,CA,C,No,Yes,,,,,,,,,,,,,,,,,,
chr12,103234237,TG,T,No,Yes,,,,,,,,,,,,,,,,,,
chr12,103234255,C,G,No,Yes,,PAH,,MODERATE;MODIFIER,,downstream_gene_variant;missense_variant,,ENST00000307000.2:c.1223G>C;ENST00000553106.1:c.1238G>C,,ENSP00000303500.2:p.Arg408Pro;ENSP00000448059.1:p.Arg413Pro,,Pathogenic,,not_provided&Phenylketonuria,,reviewed_by_expert_panel,,rs79931499&CM920563&COSV61015579
chr12,103234280,TG,T,No,Yes,,,,,,,,,,,,,,,,,,
chr12,103234286,CA,C,No,Yes,,,,,,,,,,,,,,,,,,
chr12,103234289,AG,A,No,Yes,,,,,,,,,,,,,,,,,,
chr12,103234299,AC,A,No,Yes,,,,,,,,,,,,,,,,,,
chr12,103234301,CA,C,No,Yes,,,,,,,,,,,,,,,,,,
chr12,103234310,AG,A,No,Yes,,,,,,,,,,,,,,,,,,
chr12,103234312,G,GC,No,Yes,,,,,,,,,,,,,,,,,,
chr12,103234313,C,CT,No,Yes,,,,,,,,,,,,,,,,,,
chr12,103234320,G,GA,No,Yes,,,,,,,,,,,,,,,,,,
chr12,103234322,AG,A,No,Yes,,,,,,,,,,,,,,,,,,
chr12,103237394,G,GC,No,Yes,,,,,,,,,,,,,,,,,,
chr12,103237428,CT,C,No,Yes,,,,,,,,,,,,,,,,,,
chr12,103237440,C,CA,No,Yes,,,,,,,,,,,,,,,,,,
chr12,103237456,T,TA,No,Yes,,,,,,,,,,,,,,,,,,
chr12,103237469,AG,A,No,Yes,,,,,,,,,,,,,,,,,,
chr12,103237495,AT,A,No,Yes,,,,,,,,,,,,,,,,,,
chr12,103237523,AG,A,No,Yes,,,,,,,,,,,,,,,,,,
chr12,103237544,T,TA,No,Yes,,,,,,,,,,,,,,,,,,
chr12,103237555,G,T,No,Yes,,PAH,,HIGH;LOW,,non_coding_transcript_exon_variant;splice_region_variant;stop_gained,,ENST00000307000.2:c.1053C>A;ENST00000549247.1:n.827C>A;ENST00000551114.1:n.730C>A;ENST00000553106.1:c.1068C>A,,ENSP00000303500.2:p.Tyr351Ter;ENSP00000448059.1:p.Tyr356Ter,,Pathogenic,,not_provided&Phenylketonuria,,reviewed_by_expert_panel,,rs62516095&CM930560&CM941138
chr12,103237564,GC,G,No,Yes,,,,,,,,,,,,,,,,,,
chr12,103237568,C,CA,No,Yes,,,,,,,,,,,,,,,,,,
chr12,103237573,GA,G,No,Yes,,,,,,,,,,,,,,,,,,
chr12,103237580,T,TA,No,Yes,,,,,,,,,,,,,,,,,,
chr12,103238093,TG,T,No,Yes,,,,,,,,,,,,,,,,,,
chr12,103238095,GT,G,No,Yes,,,,,,,,,,,,,,,,,,
chr12,103238103,GA,G,No,Yes,,,,,,,,,,,,,,,,,,
chr12,103238125,CA,C,No,Yes,,,,,,,,,,,,,,,,,,
chr12,103238134,A,C,No,Yes,,PAH,,MODERATE;MODIFIER,,missense_variant;non_coding_transcript_exon_variant,,ENST00000307000.2:c.1030T>G;ENST00000549247.1:n.804T>G;ENST00000551114.1:n.707T>G;ENST00000553106.1:c.1045T>G,,ENSP00000303500.2:p.Ser344Ala;ENSP00000448059.1:p.Ser349Ala,,Pathogenic/Likely_pathogenic,,not_provided&Phenylketonuria,,criteria_provided&_multiple_submitters&_no_conflicts,,rs62508646&CM056673&CM910293
chr12,103238154,GC,G,No,Yes,,,,,,,,,,,,,,,,,,
chr12,103238185,CA,C,No,Yes,,,,,,,,,,,,,,,,,,
chr12,103238205,TA,T,No,Yes,,,,,,,,,,,,,,,,,,
chr12,103238218,GA,G,No,Yes,,,,,,,,,,,,,,,,,,
chr12,103245446,TA,T,No,Yes,,,,,,,,,,,,,,,,,,
chr12,103245469,GA,G,No,Yes,,,,,,,,,,,,,,,,,,
chr12,103245475,T,TG,No,Yes,,,,,,,,,,,,,,,,,,
chr12,103245479,CA,C,No,Yes,,,,,,,,,,,,,,,,,,
chr12,103245503,G,C,No,Yes,,PAH,,MODERATE;MODIFIER,,downstream_gene_variant;missense_variant;non_coding_transcript_exon_variant,,ENST00000307000.2:c.859C>G;ENST00000549247.1:n.633C>G;ENST00000551114.1:n.536C>G;ENST00000553106.1:c.874C>G,,ENSP00000303500.2:p.Pro287Ala;ENSP00000448059.1:p.Pro292Ala,,,,,,,,CM1511444
chr12,103245564,AG,A,No,Yes,,,,,,,,,,,,,,,,,,
chr12,103246569,T,TG,No,Yes,,,,,,,,,,,,,,,,,,
chr12,103246576,T,TG,No,Yes,,,,,,,,,,,,,,,,,,
chr12,103246579,A,AG,No,Yes,,,,,,,,,,,,,,,,,,
chr12,103246587,A,AG,No,Yes,,,,,,,,,,,,,,,,,,
chr12,103246597,CG,C,No,Yes,,,,,,,,,,,,,,,,,,
chr12,103246609,T,TG,No,Yes,,,,,,,,,,,,,,,,,,
chr12,103246657,AG,A,No,Yes,,,,,,,,,,,,,,,,,,
chr12,103246664,GC,G,No,Yes,,,,,,,,,,,,,,,,,,
chr12,103246673,GA,G,No,Yes,,,,,,,,,,,,,,,,,,
chr12,103246707,C,T,No,Yes,,PAH,,MODERATE;MODIFIER,,downstream_gene_variant;missense_variant;non_coding_transcript_exon_variant;upstream_gene_variant,,ENST00000307000.2:c.713G>A;ENST00000549247.1:n.487G>A;ENST00000553106.1:c.728G>A,,ENSP00000303500.2:p.Arg238Gln;ENSP00000448059.1:p.Arg243Gln,,Pathogenic/Likely_pathogenic,,PAH-related_disorder&Inborn_genetic_diseases&not_provided&Phenylketonuria,,criteria_provided&_multiple_submitters&_no_conflicts,,rs62508588&CM910283&CM993955
chr12,103246730,T,TG,No,Yes,,,,,,,,,,,,,,,,,,
chr12,103246733,G,GA,No,Yes,,,,,,,,,,,,,,,,,,
chr12,103246736,GA,G,No,Yes,,,,,,,,,,,,,,,,,,
chr12,103246741,G,GA,No,Yes,,,,,,,,,,,,,,,,,,
chr12,103246744,GA,G,No,Yes,,,,,,,,,,,,,,,,,,
chr12,103246753,C,CA,No,Yes,,,,,,,,,,,,,,,,,,
chr12,103246755,C,CA,No,Yes,,,,,,,,,,,,,,,,,,
chr12,103248889,G,GC,No,Yes,,,,,,,,,,,,,,,,,,
chr12,103248896,AC,A,No,Yes,,,,,,,,,,,,,,,,,,
chr12,103248905,TG,T,No,Yes,,,,,,,,,,,,,,,,,,
chr12,103248975,CT,C,No,Yes,,,,,,,,,,,,,,,,,,
chr12,103248989,GA,G,No,Yes,,,,,,,,,,,,,,,,,,
chr12,103248998,G,GA,No,Yes,,,,,,,,,,,,,,,,,,
chr12,103249009,T,C,No,Yes,,PAH,,MODERATE;MODIFIER,,downstream_gene_variant;missense_variant;non_coding_transcript_exon_variant;upstream_gene_variant,,ENST00000307000.2:c.596A>G;ENST00000549111.1:n.707A>G;ENST00000553106.1:c.611A>G,,ENSP00000303500.2:p.Tyr199Cys;ENSP00000448059.1:p.Tyr204Cys,,Pathogenic,,not_provided&Phenylketonuria,,reviewed_by_expert_panel,,rs62514927&CM123352&CS971842
chr12,103249014,A,AG,No,Yes,,,,,,,,,,,,,,,,,,
chr12,103249021,GT,G,No,Yes,,,,,,,,,,,,,,,,,,
chr12,103249044,C,CT,No,Yes,,,,,,,,,,,,,,,,,,
chr12,103249056,GC,G,No,Yes,,,,,,,,,,,,,,,,,,
chr12,103249061,A,AT,No,Yes,,,,,,,,,,,,,,,,,,
chr12,103249093,C,CG,No,Yes,,,,,,,,,,,,,,,,,,
chr12,103249095,AG,A,No,Yes,,,,,,,,,,,,,,,,,,
chr12,103249100,TG,T,No,Yes,,,,,,,,,,,,,,,,,,
chr12,103249106,GC,G,No,Yes,,,,,,,,,,,,,,,,,,
chr12,103249120,AG,A,No,Yes,,,,,,,,,,,,,,,,,,
chr12,103249122,G,A,No,Yes,,PAH,,LOW;MODIFIER,,intron_variant;non_coding_transcript_variant;splice_polypyrimidine_tract_variant;upstream_gene_variant,,ENST00000307000.2:c.495-12C>T;ENST00000549111.1:n.606-12C>T;ENST00000551988.1:n.531-12C>T;ENST00000553106.1:c.510-12C>T,,,,,,,,,,
chr12,103249125,CA,C,No,Yes,,,,,,,,,,,,,,,,,,
chr12,103260347,T,TC,No,Yes,,,,,,,,,,,,,,,,,,
chr12,103260369,C,CG,No,Yes,,,,,,,,,,,,,,,,,,
chr12,103260401,A,G,No,Yes,,PAH,,MODERATE;MODIFIER,,intron_variant;missense_variant;non_coding_transcript_exon_variant;non_coding_transcript_variant,,ENST00000307000.2:c.467T>C;ENST00000549111.1:n.578T>C;ENST00000551988.1:n.530+10839T>C;ENST00000553106.1:c.482T>C,,ENSP00000303500.2:p.Phe156Ser;ENSP00000448059.1:p.Phe161Ser,,Pathogenic,,not_provided&Phenylketonuria,,criteria_provided&_multiple_submitters&_no_conflicts,,rs79635844&CM920545
chr12,103260406,CT,C,No,Yes,,,,,,,,,,,,,,,,,,
chr12,103260435,TA,T,No,Yes,,,,,,,,,,,,,,,,,,
chr12,103260442,C,T,No,Yes,,PAH,,HIGH;MODIFIER,,intron_variant;non_coding_transcript_variant;splice_acceptor_variant,,ENST00000307000.2:c.427-1G>A;ENST00000549111.1:n.538-1G>A;ENST00000551988.1:n.530+10798G>A;ENST00000553106.1:c.442-1G>A,,,,Pathogenic,,not_provided&Phenylketonuria,,reviewed_by_expert_panel,,rs62514907&CS910453&COSV100188291
chr12,103260448,GA,G,No,Yes,,,,,,,,,,,,,,,,,,
chr12,103260463,AT,A,No,Yes,,,,,,,,,,,,,,,,,,
chr12,103271224,C,CG,No,Yes,,,,,,,,,,,,,,,,,,
chr12,103271227,GC,G,No,Yes,,,,,,,,,,,,,,,,,,
chr12,103271240,AG,A,No,Yes,,,,,,,,,,,,,,,,,,
chr12,103271244,T,TG,No,Yes,,,,,,,,,,,,,,,,,,
chr12,103288483,C,CT,No,Yes,,,,,,,,,,,,,,,,,,
chr12,103288492,CA,C,No,Yes,,,,,,,,,,,,,,,,,,
chr12,103288503,TA,T,No,Yes,,,,,,,,,,,,,,,,,,
chr12,103288536,GA,G,No,Yes,,,,,,,,,,,,,,,,,,
chr12,103288595,AG,A,No,Yes,,,,,,,,,,,,,,,,,,
chr12,103288616,CA,C,No,Yes,,,,,,,,,,,,,,,,,,
chr12,103288625,GA,G,No,Yes,,,,,,,,,,,,,,,,,,
chr12,103288666,AT,A,No,Yes,,,,,,,,,,,,,,,,,,
chr12,103288710,TG,T,No,Yes,,,,,,,,,,,,,,,,,,
chr12,103288719,T,TG,No,Yes,,,,,,,,,,,,,,,,,,
chr12,103306550,A,G,No,Yes,,PAH,,MODIFIER,,downstream_gene_variant;intron_variant;non_coding_transcript_variant,,ENST00000307000.2:c.153+19T>C;ENST00000546844.1:c.168+19T>C;ENST00000548677.1:n.255+19T>C;ENST00000548928.1:n.90+19T>C;ENST00000549111.1:n.264+19T>C;ENST00000550978.1:n.152+19T>C;ENST00000551337.1:c.168+19T>C;ENST00000551988.1:n.257+19T>C;ENST00000553106.1:c.168+19T>C,,,,Benign,,not_specified&not_provided&Phenylketonuria,,reviewed_by_expert_panel,,rs17842947&CS135060&COSV61016895
chr12,103306641,AT,A,No,Yes,,,,,,,,,,,,,,,,,,
chr12,103306679,A,AT,No,Yes,,,,,,,,,,,,,,,,,,
chr12,103306681,A,AG,No,Yes,,,,,,,,,,,,,,,,,,
chr12,103306689,A,AT,No,Yes,,,,,,,,,,,,,,,,,,
chr12,103306693,A,AT,No,Yes,,,,,,,,,,,,,,,,,,
chr12,103306697,G,GT,No,Yes,,,,,,,,,,,,,,,,,,
chr12,103306700,TA,T,No,Yes,,,,,,,,,,,,,,,,,,
chr12,103306706,AT,A,No,Yes,,,,,,,,,,,,,,,,,,
chr12,103310822,T,TC,No,Yes,,,,,,,,,,,,,,,,,,
chr12,103310837,G,GC,No,Yes,,,,,,,,,,,,,,,,,,
chr12,103310854,CA,C,No,Yes,,,,,,,,,,,,,,,,,,
chr12,103310866,GT,G,No,Yes,,,,,,,,,,,,,,,,,,
chr12,103310882,TG,T,No,Yes,,,,,,,,,,,,,,,,,,
chr12,103310892,A,AG,No,Yes,,,,,,,,,,,,,,,,,,
chr12,103310895,AC,A,No,Yes,,,,,,,,,,,,,,,,,,
chr12,103311020,A,AG,No,Yes,,,,,,,,,,,,,,,,,,
chr12,103311025,CA,C,No,Yes,,,,,,,,,,,,,,,,,,
chr12,103311028,A,AG,No,Yes,,,,,,,,,,,,,,,,,,
chr12,103311059,A,AC,No,Yes,,,,,,,,,,,,,,,,,,
chr12,103311061,TA,T,No,Yes,,,,,,,,,,,,,,,,,,
chr12,103311355,A,AC,No,Yes,,,,,,,,,,,,,,,,,,
chr12,103311358,A,AC,No,Yes,,,,,,,,,,,,,,,,,,
chr12,103311362,GC,G,No,Yes,,,,,,,,,,,,,,,,,,
chr12,103311371,AC,A,No,Yes,,,,,,,,,,,,,,,,,,
chr12,103311372,C,T,No,Yes,,PAH,,MODIFIER,,5_prime_UTR_variant;intron_variant;non_coding_transcript_variant;upstream_gene_variant,,ENST00000546708.1:n.493-369G>A;ENST00000546844.1:c.-95-369G>A;ENST00000547319.1:n.217-369G>A;ENST00000551337.1:c.-95-369G>A;ENST00000553106.1:c.-464G>A,,,,,,,,,,rs2136735169
