Caller,CHROM,POS,REF,ALT,SYMBOL,IMPACT,Consequence,HGVSc,HGVSp,Existing_variation,ClinVar_CLNSIG,ClinVar_CLNDN,ClinVar_CLNREVSTAT,ClinVar_CLNHGVS,Final_score,Final_priority,Final_priority_reasons
VarScan,chr12,103237555,G,T,PAH,HIGH,stop_gained&splice_region_variant,ENST00000307000.2:c.1053C>A,ENSP00000303500.2:p.Tyr351Ter,rs62516095&CM930560&CM941138,Pathogenic,not_provided&Phenylketonuria,reviewed_by_expert_panel,NC_000012.11:g.103237555G>T,15,High,ClinVar pathogenic; HIGH impact; severe functional consequence; splice region
VarScan,chr12,103260442,C,T,PAH,HIGH,splice_acceptor_variant,ENST00000307000.2:c.427-1G>A,,rs62514907&CS910453&COSV100188291,Pathogenic,not_provided&Phenylketonuria,reviewed_by_expert_panel,NC_000012.11:g.103260442C>T,13,High,ClinVar pathogenic; HIGH impact; severe functional consequence
VarScan,chr12,103237469,AG,A,PAH,HIGH,frameshift_variant,ENST00000307000.2:c.1138del,ENSP00000303500.2:p.Leu380SerfsTer15,rs1565842203,Pathogenic,Phenylketonuria,criteria_provided&_single_submitter,NC_000012.11:g.103237473del,13,High,ClinVar pathogenic; HIGH impact; severe functional consequence
VarScan,chr12,103237495,AT,A,PAH,HIGH,frameshift_variant,ENST00000307000.2:c.1112del,ENSP00000303500.2:p.Asn371IlefsTer24,rs62642921&CD068112,Pathogenic,not_provided&Phenylketonuria,reviewed_by_expert_panel,NC_000012.11:g.103237499del,13,High,ClinVar pathogenic; HIGH impact; severe functional consequence
VarScan,chr12,103237523,AG,A,PAH,HIGH,frameshift_variant,ENST00000307000.2:c.1084del,ENSP00000303500.2:p.Leu362TrpfsTer33,rs62506951&CD015350&HM971459,Pathogenic,not_provided&Phenylketonuria,reviewed_by_expert_panel,NC_000012.11:g.103237528del,13,High,ClinVar pathogenic; HIGH impact; severe functional consequence
VarScan,chr12,103238154,GC,G,PAH,HIGH,frameshift_variant,ENST00000307000.2:c.1009del,ENSP00000303500.2:p.Ala337HisfsTer58,rs63581460&CD982849&CM930558&CM971134,Pathogenic,not_provided&Phenylketonuria,reviewed_by_expert_panel,NC_000012.11:g.103238156del,13,High,ClinVar pathogenic; HIGH impact; severe functional consequence
VarScan,chr12,103245469,GA,G,PAH,HIGH,frameshift_variant,ENST00000307000.2:c.892del,ENSP00000303500.2:p.Ser298ProfsTer38,rs62642920&CD056833&CM010973&CM981448,Pathogenic,not_provided&Phenylketonuria,reviewed_by_expert_panel,NC_000012.11:g.103245473del,13,High,ClinVar pathogenic; HIGH impact; severe functional consequence
VarScan,chr12,103246597,CG,C,PAH,HIGH,frameshift_variant,ENST00000307000.2:c.822del,ENSP00000303500.2:p.Glu275AsnfsTer61,rs281865429&CD993067&COSV104596248&COSV61015202,Pathogenic,Phenylketonuria,reviewed_by_expert_panel,NC_000012.11:g.103246602del,13,High,ClinVar pathogenic; HIGH impact; severe functional consequence
VarScan,chr12,103249056,GC,G,PAH,HIGH,frameshift_variant,ENST00000307000.2:c.548del,ENSP00000303500.2:p.Gly183AlafsTer7,rs62507260&CD011181&CM078134,Pathogenic,not_provided&Phenylketonuria,criteria_provided&_single_submitter,NC_000012.11:g.103249060del,13,High,ClinVar pathogenic; HIGH impact; severe functional consequence
VarScan,chr12,103260435,TA,T,PAH,HIGH,frameshift_variant,ENST00000307000.2:c.432del,ENSP00000303500.2:p.Phe144LeufsTer46,,Pathogenic,Phenylketonuria,criteria_provided&_single_submitter,NC_000012.11:g.103260439del,13,High,ClinVar pathogenic; HIGH impact; severe functional consequence
