CHROM,POS,ID,REF,ALT,QUAL,FILTER,SYMBOL,IMPACT,Consequence,EXON,INTRON,Nearest_splice_boundary_distance_bp,HGVSc,HGVSp,Existing_variation,ClinVar_CLNSIG,ClinVar_CLNDN,ClinVar_CLNREVSTAT,ClinVar_CLNHGVS,Reason
chr12,103232956,.,C,CT,0,PASS,PAH,MODERATE,inframe_insertion&stop_retained_variant,14/14,,40,ENST00000307000.2:c.1340dup,,rs199475641,Pathogenic/Likely_pathogenic,not_provided&Phenylketonuria,criteria_provided&_multiple_submitters&_no_conflicts,NC_000012.11:g.103232959dup,impact_HIGH_MODERATE
chr12,103232956,.,C,CT,0,PASS,PAH,MODERATE,inframe_insertion&stop_retained_variant,13/13,,40,ENST00000553106.1:c.1355dup,,rs199475641,Pathogenic/Likely_pathogenic,not_provided&Phenylketonuria,criteria_provided&_multiple_submitters&_no_conflicts,NC_000012.11:g.103232959dup,impact_HIGH_MODERATE
chr12,103232960,.,AT,A,0,PASS,PAH,HIGH,frameshift_variant,14/14,,36,ENST00000307000.2:c.1336del,ENSP00000303500.2:p.Ile446Ter,,,,,,impact_HIGH_MODERATE
chr12,103232960,.,AT,A,0,PASS,PAH,HIGH,frameshift_variant,13/13,,36,ENST00000553106.1:c.1351del,ENSP00000448059.1:p.Ile451Ter,,,,,,impact_HIGH_MODERATE
chr12,103232969,.,AG,A,0,PASS,PAH,HIGH,frameshift_variant,14/14,,27,ENST00000307000.2:c.1327del,ENSP00000303500.2:p.Leu443SerfsTer4,COSV100188345,,,,,impact_HIGH_MODERATE
chr12,103232969,.,AG,A,0,PASS,PAH,HIGH,frameshift_variant,13/13,,27,ENST00000553106.1:c.1342del,ENSP00000448059.1:p.Leu448SerfsTer4,COSV100188345,,,,,impact_HIGH_MODERATE
chr12,103232978,.,CA,C,0,PASS,PAH,HIGH,frameshift_variant,14/14,,18,ENST00000307000.2:c.1318del,ENSP00000303500.2:p.Cys440AlafsTer7,,,,,,impact_HIGH_MODERATE
chr12,103232978,.,CA,C,0,PASS,PAH,HIGH,frameshift_variant,13/13,,18,ENST00000553106.1:c.1333del,ENSP00000448059.1:p.Cys445AlafsTer7,,,,,,impact_HIGH_MODERATE
chr12,103232984,.,AT,A,0,PASS,PAH,HIGH,frameshift_variant,14/14,,12,ENST00000307000.2:c.1312del,ENSP00000303500.2:p.Ile438SerfsTer9,,,,,,impact_HIGH_MODERATE
chr12,103232984,.,AT,A,0,PASS,PAH,HIGH,frameshift_variant,13/13,,12,ENST00000553106.1:c.1327del,ENSP00000448059.1:p.Ile443SerfsTer9,,,,,,impact_HIGH_MODERATE
chr12,103232988,.,C,CA,0,PASS,PAH,HIGH,frameshift_variant,14/14,,8,ENST00000307000.2:c.1308dup,ENSP00000303500.2:p.Gly437TrpfsTer47,,,,,,impact_HIGH_MODERATE
chr12,103232988,.,C,CA,0,PASS,PAH,HIGH,frameshift_variant,13/13,,8,ENST00000553106.1:c.1323dup,ENSP00000448059.1:p.Gly442TrpfsTer47,,,,,,impact_HIGH_MODERATE
chr12,103233000,.,C,CA,0,PASS,PAH,LOW,splice_region_variant&splice_polypyrimidine_tract_variant&intron_variant,,13/13,4,ENST00000307000.2:c.1301-5dup,,,,,,,VEP_splice_annotation
chr12,103233000,.,C,CA,0,PASS,PAH,LOW,splice_region_variant&splice_polypyrimidine_tract_variant&intron_variant,,12/12,4,ENST00000553106.1:c.1316-5dup,,,,,,,VEP_splice_annotation
chr12,103233004,.,G,GA,0,PASS,PAH,LOW,splice_polypyrimidine_tract_variant&intron_variant,,13/13,8,ENST00000307000.2:c.1301-9dup,,,,,,,intronic_within_30bp_splice_site
chr12,103233004,.,G,GA,0,PASS,PAH,LOW,splice_polypyrimidine_tract_variant&intron_variant,,12/12,8,ENST00000553106.1:c.1316-9dup,,,,,,,intronic_within_30bp_splice_site
chr12,103233016,.,CA,C,0,PASS,PAH,MODIFIER,intron_variant,,13/13,20,ENST00000307000.2:c.1301-21del,,,,,,,intronic_within_30bp_splice_site
chr12,103233016,.,CA,C,0,PASS,PAH,MODIFIER,intron_variant,,12/12,20,ENST00000553106.1:c.1316-21del,,,,,,,intronic_within_30bp_splice_site
chr12,103233021,.,T,TG,0,PASS,PAH,MODIFIER,intron_variant,,13/13,25,ENST00000307000.2:c.1301-26dup,,,,,,,intronic_within_30bp_splice_site
chr12,103233021,.,T,TG,0,PASS,PAH,MODIFIER,intron_variant,,12/12,25,ENST00000553106.1:c.1316-26dup,,,,,,,intronic_within_30bp_splice_site
chr12,103234153,.,GC,G,0,PASS,PAH,MODIFIER,intron_variant,,13/13,25,ENST00000307000.2:c.1300+24del,,,,,,,intronic_within_30bp_splice_site
chr12,103234153,.,GC,G,0,PASS,PAH,MODIFIER,intron_variant,,12/12,25,ENST00000553106.1:c.1315+24del,,,,,,,intronic_within_30bp_splice_site
chr12,103234192,.,G,T,0,PASS,PAH,MODERATE,missense_variant,13/14,,14,ENST00000307000.2:c.1286C>A,ENSP00000303500.2:p.Ala429Asp,rs199475659&CM043320&CM1314653,Pathogenic,not_provided&Phenylketonuria,reviewed_by_expert_panel,NC_000012.11:g.103234192G>T,impact_HIGH_MODERATE
chr12,103234192,.,G,T,0,PASS,PAH,MODERATE,missense_variant,12/13,,14,ENST00000553106.1:c.1301C>A,ENSP00000448059.1:p.Ala434Asp,rs199475659&CM043320&CM1314653,Pathogenic,not_provided&Phenylketonuria,reviewed_by_expert_panel,NC_000012.11:g.103234192G>T,impact_HIGH_MODERATE
chr12,103234194,.,CA,C,0,PASS,PAH,HIGH,frameshift_variant,13/14,,16,ENST00000307000.2:c.1283del,ENSP00000303500.2:p.Leu428TrpfsTer19,,,,,,impact_HIGH_MODERATE
chr12,103234194,.,CA,C,0,PASS,PAH,HIGH,frameshift_variant,12/13,,16,ENST00000553106.1:c.1298del,ENSP00000448059.1:p.Leu433TrpfsTer19,,,,,,impact_HIGH_MODERATE
chr12,103234237,.,TG,T,0,PASS,PAH,HIGH,frameshift_variant,13/14,,56,ENST00000307000.2:c.1240del,ENSP00000303500.2:p.Gln414LysfsTer33,,,,,,impact_HIGH_MODERATE
chr12,103234237,.,TG,T,0,PASS,PAH,HIGH,frameshift_variant,12/13,,56,ENST00000553106.1:c.1255del,ENSP00000448059.1:p.Gln419LysfsTer33,,,,,,impact_HIGH_MODERATE
chr12,103234255,.,C,G,0,PASS,PAH,MODERATE,missense_variant,13/14,,38,ENST00000307000.2:c.1223G>C,ENSP00000303500.2:p.Arg408Pro,rs79931499&CM920563&COSV61015579,Pathogenic,not_provided&Phenylketonuria,reviewed_by_expert_panel,NC_000012.11:g.103234255C>G,impact_HIGH_MODERATE
chr12,103234255,.,C,G,0,PASS,PAH,MODERATE,missense_variant,12/13,,38,ENST00000553106.1:c.1238G>C,ENSP00000448059.1:p.Arg413Pro,rs79931499&CM920563&COSV61015579,Pathogenic,not_provided&Phenylketonuria,reviewed_by_expert_panel,NC_000012.11:g.103234255C>G,impact_HIGH_MODERATE
chr12,103234280,.,TG,T,0,PASS,PAH,HIGH,frameshift_variant,13/14,,13,ENST00000307000.2:c.1197del,ENSP00000303500.2:p.Thr400GlnfsTer47,,,,,,impact_HIGH_MODERATE
chr12,103234280,.,TG,T,0,PASS,PAH,HIGH,frameshift_variant,12/13,,13,ENST00000553106.1:c.1212del,ENSP00000448059.1:p.Thr405GlnfsTer47,,,,,,impact_HIGH_MODERATE
chr12,103234286,.,CA,C,0,PASS,PAH,HIGH,frameshift_variant,13/14,,7,ENST00000307000.2:c.1191del,ENSP00000303500.2:p.Phe397LeufsTer50,,,,,,impact_HIGH_MODERATE
chr12,103234286,.,CA,C,0,PASS,PAH,HIGH,frameshift_variant,12/13,,7,ENST00000553106.1:c.1206del,ENSP00000448059.1:p.Phe402LeufsTer50,,,,,,impact_HIGH_MODERATE
chr12,103234289,.,AG,A,0,PASS,PAH,HIGH,frameshift_variant,13/14,,4,ENST00000307000.2:c.1188del,ENSP00000303500.2:p.Phe397LeufsTer50,,,,,,impact_HIGH_MODERATE
chr12,103234289,.,AG,A,0,PASS,PAH,HIGH,frameshift_variant,12/13,,4,ENST00000553106.1:c.1203del,ENSP00000448059.1:p.Phe402LeufsTer50,,,,,,impact_HIGH_MODERATE
chr12,103234299,.,AC,A,0,PASS,PAH,LOW,splice_region_variant&splice_polypyrimidine_tract_variant&intron_variant,,12/13,6,ENST00000307000.2:c.1185-7del,,,,,,,VEP_splice_annotation
chr12,103234299,.,AC,A,0,PASS,PAH,LOW,splice_region_variant&splice_polypyrimidine_tract_variant&intron_variant,,11/12,6,ENST00000553106.1:c.1200-7del,,,,,,,VEP_splice_annotation
chr12,103234301,.,CA,C,0,PASS,PAH,LOW,splice_polypyrimidine_tract_variant&intron_variant,,12/13,8,ENST00000307000.2:c.1185-9del,,,,,,,intronic_within_30bp_splice_site
chr12,103234301,.,CA,C,0,PASS,PAH,LOW,splice_polypyrimidine_tract_variant&intron_variant,,11/12,8,ENST00000553106.1:c.1200-9del,,,,,,,intronic_within_30bp_splice_site
chr12,103234310,.,AG,A,0,PASS,PAH,MODIFIER,intron_variant,,12/13,17,ENST00000307000.2:c.1185-18del,,,,,,,intronic_within_30bp_splice_site
chr12,103234310,.,AG,A,0,PASS,PAH,MODIFIER,intron_variant,,11/12,17,ENST00000553106.1:c.1200-18del,,,,,,,intronic_within_30bp_splice_site
chr12,103234312,.,G,GC,0,PASS,PAH,MODIFIER,intron_variant,,12/13,19,ENST00000307000.2:c.1185-20dup,,,,,,,intronic_within_30bp_splice_site
chr12,103234312,.,G,GC,0,PASS,PAH,MODIFIER,intron_variant,,11/12,19,ENST00000553106.1:c.1200-20dup,,,,,,,intronic_within_30bp_splice_site
chr12,103234313,.,C,CT,0,PASS,PAH,MODIFIER,intron_variant,,12/13,20,ENST00000307000.2:c.1185-21dup,,,,,,,intronic_within_30bp_splice_site
chr12,103234313,.,C,CT,0,PASS,PAH,MODIFIER,intron_variant,,11/12,20,ENST00000553106.1:c.1200-21dup,,,,,,,intronic_within_30bp_splice_site
chr12,103234320,.,G,GA,0,PASS,PAH,MODIFIER,intron_variant,,12/13,27,ENST00000307000.2:c.1185-28dup,,,,,,,intronic_within_30bp_splice_site
chr12,103234320,.,G,GA,0,PASS,PAH,MODIFIER,intron_variant,,11/12,27,ENST00000553106.1:c.1200-28dup,,,,,,,intronic_within_30bp_splice_site
chr12,103234322,.,AG,A,0,PASS,PAH,MODIFIER,intron_variant,,12/13,29,ENST00000307000.2:c.1185-30del,,,,,,,intronic_within_30bp_splice_site
chr12,103234322,.,AG,A,0,PASS,PAH,MODIFIER,intron_variant,,11/12,29,ENST00000553106.1:c.1200-30del,,,,,,,intronic_within_30bp_splice_site
chr12,103237394,.,G,GC,0,PASS,PAH,MODIFIER,intron_variant,,12/13,30,ENST00000307000.2:c.1184+29dup,,,,,,,intronic_within_30bp_splice_site
chr12,103237394,.,G,GC,0,PASS,PAH,MODIFIER,intron_variant,,11/12,30,ENST00000553106.1:c.1199+29dup,,,,,,,intronic_within_30bp_splice_site
chr12,103237428,.,CT,C,0,PASS,PAH,HIGH,frameshift_variant,12/14,,4,ENST00000307000.2:c.1179del,ENSP00000303500.2:p.Val394Ter,CM071051&CS991476&COSV61018686&COSV61019558,,,,,impact_HIGH_MODERATE
chr12,103237428,.,CT,C,0,PASS,PAH,HIGH,frameshift_variant,11/13,,4,ENST00000553106.1:c.1194del,ENSP00000448059.1:p.Val399Ter,CM071051&CS991476&COSV61018686&COSV61019558,,,,,impact_HIGH_MODERATE
chr12,103237440,.,C,CA,0,PASS,PAH,HIGH,frameshift_variant,12/14,,16,ENST00000307000.2:c.1167dup,ENSP00000303500.2:p.Ala390CysfsTer28,,,,,,impact_HIGH_MODERATE
chr12,103237440,.,C,CA,0,PASS,PAH,HIGH,frameshift_variant,11/13,,16,ENST00000553106.1:c.1182dup,ENSP00000448059.1:p.Ala395CysfsTer28,,,,,,impact_HIGH_MODERATE
chr12,103237456,.,T,TA,0,PASS,PAH,HIGH,frameshift_variant,12/14,,32,ENST00000307000.2:c.1151_1152insT,ENSP00000303500.2:p.Glu385ArgfsTer4,,,,,,impact_HIGH_MODERATE
chr12,103237456,.,T,TA,0,PASS,PAH,HIGH,frameshift_variant,11/13,,32,ENST00000553106.1:c.1166_1167insT,ENSP00000448059.1:p.Glu390ArgfsTer4,,,,,,impact_HIGH_MODERATE
chr12,103237469,.,AG,A,0,PASS,PAH,HIGH,frameshift_variant,12/14,,23,ENST00000307000.2:c.1138del,ENSP00000303500.2:p.Leu380SerfsTer15,rs1565842203,Pathogenic,Phenylketonuria,criteria_provided&_single_submitter,NC_000012.11:g.103237473del,impact_HIGH_MODERATE
chr12,103237469,.,AG,A,0,PASS,PAH,HIGH,frameshift_variant,11/13,,23,ENST00000553106.1:c.1153del,ENSP00000448059.1:p.Leu385SerfsTer15,rs1565842203,Pathogenic,Phenylketonuria,criteria_provided&_single_submitter,NC_000012.11:g.103237473del,impact_HIGH_MODERATE
chr12,103237495,.,AT,A,0,PASS,PAH,HIGH,frameshift_variant,12/14,,3,ENST00000307000.2:c.1112del,ENSP00000303500.2:p.Asn371IlefsTer24,rs62642921&CD068112,Pathogenic,not_provided&Phenylketonuria,reviewed_by_expert_panel,NC_000012.11:g.103237499del,impact_HIGH_MODERATE
chr12,103237495,.,AT,A,0,PASS,PAH,HIGH,frameshift_variant,11/13,,3,ENST00000553106.1:c.1127del,ENSP00000448059.1:p.Asn376IlefsTer24,rs62642921&CD068112,Pathogenic,not_provided&Phenylketonuria,reviewed_by_expert_panel,NC_000012.11:g.103237499del,impact_HIGH_MODERATE
chr12,103237523,.,AG,A,0,PASS,PAH,HIGH,frameshift_variant,12/14,,31,ENST00000307000.2:c.1084del,ENSP00000303500.2:p.Leu362TrpfsTer33,rs62506951&CD015350&HM971459,Pathogenic,not_provided&Phenylketonuria,reviewed_by_expert_panel,NC_000012.11:g.103237528del,impact_HIGH_MODERATE
chr12,103237523,.,AG,A,0,PASS,PAH,HIGH,frameshift_variant,11/13,,31,ENST00000553106.1:c.1099del,ENSP00000448059.1:p.Leu367TrpfsTer33,rs62506951&CD015350&HM971459,Pathogenic,not_provided&Phenylketonuria,reviewed_by_expert_panel,NC_000012.11:g.103237528del,impact_HIGH_MODERATE
chr12,103237544,.,T,TA,0,PASS,PAH,HIGH,frameshift_variant,12/14,,13,ENST00000307000.2:c.1063_1064insT,ENSP00000303500.2:p.Glu355ValfsTer34,,,,,,impact_HIGH_MODERATE
chr12,103237544,.,T,TA,0,PASS,PAH,HIGH,frameshift_variant,11/13,,13,ENST00000553106.1:c.1078_1079insT,ENSP00000448059.1:p.Glu360ValfsTer34,,,,,,impact_HIGH_MODERATE
chr12,103237555,.,G,T,0,PASS,PAH,HIGH,stop_gained&splice_region_variant,12/14,,2,ENST00000307000.2:c.1053C>A,ENSP00000303500.2:p.Tyr351Ter,rs62516095&CM930560&CM941138,Pathogenic,not_provided&Phenylketonuria,reviewed_by_expert_panel,NC_000012.11:g.103237555G>T,impact_HIGH_MODERATE
chr12,103237555,.,G,T,0,PASS,PAH,LOW,splice_region_variant&non_coding_transcript_exon_variant,5/5,,2,ENST00000549247.1:n.827C>A,,rs62516095&CM930560&CM941138,Pathogenic,not_provided&Phenylketonuria,reviewed_by_expert_panel,NC_000012.11:g.103237555G>T,VEP_splice_annotation
chr12,103237555,.,G,T,0,PASS,PAH,LOW,splice_region_variant&non_coding_transcript_exon_variant,4/4,,2,ENST00000551114.1:n.730C>A,,rs62516095&CM930560&CM941138,Pathogenic,not_provided&Phenylketonuria,reviewed_by_expert_panel,NC_000012.11:g.103237555G>T,VEP_splice_annotation
chr12,103237555,.,G,T,0,PASS,PAH,HIGH,stop_gained&splice_region_variant,11/13,,2,ENST00000553106.1:c.1068C>A,ENSP00000448059.1:p.Tyr356Ter,rs62516095&CM930560&CM941138,Pathogenic,not_provided&Phenylketonuria,reviewed_by_expert_panel,NC_000012.11:g.103237555G>T,impact_HIGH_MODERATE
chr12,103237564,.,GC,G,0,PASS,PAH,LOW,splice_region_variant&splice_polypyrimidine_tract_variant&intron_variant,,11/13,7,ENST00000307000.2:c.1051-8del,,,,,,,VEP_splice_annotation
chr12,103237564,.,GC,G,0,PASS,PAH,LOW,splice_region_variant&splice_polypyrimidine_tract_variant&intron_variant&non_coding_transcript_variant,,4/4,7,ENST00000549247.1:n.825-8del,,,,,,,VEP_splice_annotation
chr12,103237564,.,GC,G,0,PASS,PAH,LOW,splice_region_variant&splice_polypyrimidine_tract_variant&intron_variant&non_coding_transcript_variant,,3/3,7,ENST00000551114.1:n.728-8del,,,,,,,VEP_splice_annotation
chr12,103237564,.,GC,G,0,PASS,PAH,LOW,splice_region_variant&splice_polypyrimidine_tract_variant&intron_variant,,10/12,7,ENST00000553106.1:c.1066-8del,,,,,,,VEP_splice_annotation
chr12,103237568,.,C,CA,0,PASS,PAH,LOW,splice_polypyrimidine_tract_variant&intron_variant,,11/13,11,ENST00000307000.2:c.1051-12dup,,,,,,,intronic_within_30bp_splice_site
chr12,103237568,.,C,CA,0,PASS,PAH,LOW,splice_polypyrimidine_tract_variant&intron_variant&non_coding_transcript_variant,,4/4,11,ENST00000549247.1:n.825-12dup,,,,,,,intronic_within_30bp_splice_site
chr12,103237568,.,C,CA,0,PASS,PAH,LOW,splice_polypyrimidine_tract_variant&intron_variant&non_coding_transcript_variant,,3/3,11,ENST00000551114.1:n.728-12dup,,,,,,,intronic_within_30bp_splice_site
chr12,103237568,.,C,CA,0,PASS,PAH,LOW,splice_polypyrimidine_tract_variant&intron_variant,,10/12,11,ENST00000553106.1:c.1066-12dup,,,,,,,intronic_within_30bp_splice_site
chr12,103237573,.,GA,G,0,PASS,PAH,LOW,splice_polypyrimidine_tract_variant&intron_variant,,11/13,16,ENST00000307000.2:c.1051-17del,,,,,,,intronic_within_30bp_splice_site
chr12,103237573,.,GA,G,0,PASS,PAH,LOW,splice_polypyrimidine_tract_variant&intron_variant&non_coding_transcript_variant,,4/4,16,ENST00000549247.1:n.825-17del,,,,,,,intronic_within_30bp_splice_site
chr12,103237573,.,GA,G,0,PASS,PAH,LOW,splice_polypyrimidine_tract_variant&intron_variant&non_coding_transcript_variant,,3/3,16,ENST00000551114.1:n.728-17del,,,,,,,intronic_within_30bp_splice_site
chr12,103237573,.,GA,G,0,PASS,PAH,LOW,splice_polypyrimidine_tract_variant&intron_variant,,10/12,16,ENST00000553106.1:c.1066-17del,,,,,,,intronic_within_30bp_splice_site
chr12,103237580,.,T,TA,0,PASS,PAH,MODIFIER,intron_variant,,11/13,23,ENST00000307000.2:c.1051-24dup,,,,,,,intronic_within_30bp_splice_site
chr12,103237580,.,T,TA,0,PASS,PAH,MODIFIER,intron_variant&non_coding_transcript_variant,,4/4,23,ENST00000549247.1:n.825-24dup,,,,,,,intronic_within_30bp_splice_site
chr12,103237580,.,T,TA,0,PASS,PAH,MODIFIER,intron_variant&non_coding_transcript_variant,,3/3,23,ENST00000551114.1:n.728-24dup,,,,,,,intronic_within_30bp_splice_site
chr12,103237580,.,T,TA,0,PASS,PAH,MODIFIER,intron_variant,,10/12,23,ENST00000553106.1:c.1066-24dup,,,,,,,intronic_within_30bp_splice_site
chr12,103238093,.,TG,T,0,PASS,PAH,MODIFIER,intron_variant,,11/13,21,ENST00000307000.2:c.1050+20del,,,,,,,intronic_within_30bp_splice_site
chr12,103238093,.,TG,T,0,PASS,PAH,MODIFIER,intron_variant&non_coding_transcript_variant,,4/4,21,ENST00000549247.1:n.824+20del,,,,,,,intronic_within_30bp_splice_site
chr12,103238093,.,TG,T,0,PASS,PAH,MODIFIER,intron_variant&non_coding_transcript_variant,,3/3,21,ENST00000551114.1:n.727+20del,,,,,,,intronic_within_30bp_splice_site
chr12,103238093,.,TG,T,0,PASS,PAH,MODIFIER,intron_variant,,10/12,21,ENST00000553106.1:c.1065+20del,,,,,,,intronic_within_30bp_splice_site
chr12,103238095,.,GT,G,0,PASS,PAH,MODIFIER,intron_variant,,11/13,19,ENST00000307000.2:c.1050+18del,,,,,,,intronic_within_30bp_splice_site
chr12,103238095,.,GT,G,0,PASS,PAH,MODIFIER,intron_variant&non_coding_transcript_variant,,4/4,19,ENST00000549247.1:n.824+18del,,,,,,,intronic_within_30bp_splice_site
chr12,103238095,.,GT,G,0,PASS,PAH,MODIFIER,intron_variant&non_coding_transcript_variant,,3/3,19,ENST00000551114.1:n.727+18del,,,,,,,intronic_within_30bp_splice_site
chr12,103238095,.,GT,G,0,PASS,PAH,MODIFIER,intron_variant,,10/12,19,ENST00000553106.1:c.1065+18del,,,,,,,intronic_within_30bp_splice_site
chr12,103238103,.,GA,G,0,PASS,PAH,MODIFIER,intron_variant,,11/13,11,ENST00000307000.2:c.1050+10del,,,,,,,intronic_within_30bp_splice_site
chr12,103238103,.,GA,G,0,PASS,PAH,MODIFIER,intron_variant&non_coding_transcript_variant,,4/4,11,ENST00000549247.1:n.824+10del,,,,,,,intronic_within_30bp_splice_site
chr12,103238103,.,GA,G,0,PASS,PAH,MODIFIER,intron_variant&non_coding_transcript_variant,,3/3,11,ENST00000551114.1:n.727+10del,,,,,,,intronic_within_30bp_splice_site
chr12,103238103,.,GA,G,0,PASS,PAH,MODIFIER,intron_variant,,10/12,11,ENST00000553106.1:c.1065+10del,,,,,,,intronic_within_30bp_splice_site
chr12,103238125,.,CA,C,0,PASS,PAH,HIGH,frameshift_variant,11/14,,11,ENST00000307000.2:c.1038del,ENSP00000303500.2:p.Phe346LeufsTer49,CD983364,,,,,impact_HIGH_MODERATE
chr12,103238125,.,CA,C,0,PASS,PAH,HIGH,frameshift_variant,10/13,,11,ENST00000553106.1:c.1053del,ENSP00000448059.1:p.Phe351LeufsTer49,CD983364,,,,,impact_HIGH_MODERATE
chr12,103238134,.,A,C,0,PASS,PAH,MODERATE,missense_variant,11/14,,20,ENST00000307000.2:c.1030T>G,ENSP00000303500.2:p.Ser344Ala,rs62508646&CM056673&CM910293,Pathogenic/Likely_pathogenic,not_provided&Phenylketonuria,criteria_provided&_multiple_submitters&_no_conflicts,NC_000012.11:g.103238134A>C,impact_HIGH_MODERATE
chr12,103238134,.,A,C,0,PASS,PAH,MODERATE,missense_variant,10/13,,20,ENST00000553106.1:c.1045T>G,ENSP00000448059.1:p.Ser349Ala,rs62508646&CM056673&CM910293,Pathogenic/Likely_pathogenic,not_provided&Phenylketonuria,criteria_provided&_multiple_submitters&_no_conflicts,NC_000012.11:g.103238134A>C,impact_HIGH_MODERATE
chr12,103238154,.,GC,G,0,PASS,PAH,HIGH,frameshift_variant,11/14,,40,ENST00000307000.2:c.1009del,ENSP00000303500.2:p.Ala337HisfsTer58,rs63581460&CD982849&CM930558&CM971134,Pathogenic,not_provided&Phenylketonuria,reviewed_by_expert_panel,NC_000012.11:g.103238156del,impact_HIGH_MODERATE
chr12,103238154,.,GC,G,0,PASS,PAH,HIGH,frameshift_variant,10/13,,40,ENST00000553106.1:c.1024del,ENSP00000448059.1:p.Ala342HisfsTer58,rs63581460&CD982849&CM930558&CM971134,Pathogenic,not_provided&Phenylketonuria,reviewed_by_expert_panel,NC_000012.11:g.103238156del,impact_HIGH_MODERATE
chr12,103238185,.,CA,C,0,PASS,PAH,HIGH,frameshift_variant,11/14,,24,ENST00000307000.2:c.978del,ENSP00000303500.2:p.Phe326LeufsTer10,,,,,,impact_HIGH_MODERATE
chr12,103238185,.,CA,C,0,PASS,PAH,HIGH,frameshift_variant,10/13,,24,ENST00000553106.1:c.993del,ENSP00000448059.1:p.Phe331LeufsTer10,,,,,,impact_HIGH_MODERATE
chr12,103238205,.,TA,T,0,PASS,PAH,HIGH,frameshift_variant,11/14,,4,ENST00000307000.2:c.958del,ENSP00000303500.2:p.Tyr320ThrfsTer16,,,,,,impact_HIGH_MODERATE
chr12,103238205,.,TA,T,0,PASS,PAH,HIGH,frameshift_variant,10/13,,4,ENST00000553106.1:c.973del,ENSP00000448059.1:p.Tyr325ThrfsTer16,,,,,,impact_HIGH_MODERATE
chr12,103238218,.,GA,G,0,PASS,PAH,LOW,splice_polypyrimidine_tract_variant&intron_variant,,10/13,9,ENST00000307000.2:c.955-10del,,,,,,,intronic_within_30bp_splice_site
chr12,103238218,.,GA,G,0,PASS,PAH,LOW,splice_polypyrimidine_tract_variant&intron_variant&non_coding_transcript_variant,,3/4,9,ENST00000549247.1:n.729-10del,,,,,,,intronic_within_30bp_splice_site
chr12,103238218,.,GA,G,0,PASS,PAH,LOW,splice_polypyrimidine_tract_variant&intron_variant&non_coding_transcript_variant,,2/3,9,ENST00000551114.1:n.632-10del,,,,,,,intronic_within_30bp_splice_site
chr12,103238218,.,GA,G,0,PASS,PAH,LOW,splice_polypyrimidine_tract_variant&intron_variant,,9/12,9,ENST00000553106.1:c.970-10del,,,,,,,intronic_within_30bp_splice_site
chr12,103245446,.,TA,T,0,PASS,PAH,MODIFIER,intron_variant,,9/13,19,ENST00000307000.2:c.897+18del,,,,,,,intronic_within_30bp_splice_site
chr12,103245446,.,TA,T,0,PASS,PAH,MODIFIER,intron_variant&non_coding_transcript_variant,,2/4,19,ENST00000549247.1:n.671+18del,,,,,,,intronic_within_30bp_splice_site
chr12,103245446,.,TA,T,0,PASS,PAH,MODIFIER,intron_variant&non_coding_transcript_variant,,1/3,19,ENST00000551114.1:n.574+18del,,,,,,,intronic_within_30bp_splice_site
chr12,103245446,.,TA,T,0,PASS,PAH,MODIFIER,intron_variant,,8/12,19,ENST00000553106.1:c.912+18del,,,,,,,intronic_within_30bp_splice_site
chr12,103245469,.,GA,G,0,PASS,PAH,HIGH,frameshift_variant,9/14,,4,ENST00000307000.2:c.892del,ENSP00000303500.2:p.Ser298ProfsTer38,rs62642920&CD056833&CM010973&CM981448,Pathogenic,not_provided&Phenylketonuria,reviewed_by_expert_panel,NC_000012.11:g.103245473del,impact_HIGH_MODERATE
chr12,103245469,.,GA,G,0,PASS,PAH,HIGH,frameshift_variant,8/13,,4,ENST00000553106.1:c.907del,ENSP00000448059.1:p.Ser303ProfsTer38,rs62642920&CD056833&CM010973&CM981448,Pathogenic,not_provided&Phenylketonuria,reviewed_by_expert_panel,NC_000012.11:g.103245473del,impact_HIGH_MODERATE
chr12,103245475,.,T,TG,0,PASS,PAH,HIGH,frameshift_variant,9/14,,10,ENST00000307000.2:c.886dup,ENSP00000303500.2:p.Gln296ProfsTer15,,,,,,impact_HIGH_MODERATE
chr12,103245475,.,T,TG,0,PASS,PAH,HIGH,frameshift_variant,8/13,,10,ENST00000553106.1:c.901dup,ENSP00000448059.1:p.Gln301ProfsTer15,,,,,,impact_HIGH_MODERATE
chr12,103245479,.,CA,C,0,PASS,PAH,HIGH,frameshift_variant,9/14,,14,ENST00000307000.2:c.882del,ENSP00000303500.2:p.Phe294LeufsTer42,CD993593,,,,,impact_HIGH_MODERATE
chr12,103245479,.,CA,C,0,PASS,PAH,HIGH,frameshift_variant,8/13,,14,ENST00000553106.1:c.897del,ENSP00000448059.1:p.Phe299LeufsTer42,CD993593,,,,,impact_HIGH_MODERATE
chr12,103245503,.,G,C,0,PASS,PAH,MODERATE,missense_variant,9/14,,31,ENST00000307000.2:c.859C>G,ENSP00000303500.2:p.Pro287Ala,CM1511444,,,,,impact_HIGH_MODERATE
chr12,103245503,.,G,C,0,PASS,PAH,MODERATE,missense_variant,8/13,,31,ENST00000553106.1:c.874C>G,ENSP00000448059.1:p.Pro292Ala,CM1511444,,,,,impact_HIGH_MODERATE
chr12,103245564,.,AG,A,0,PASS,PAH,MODIFIER,intron_variant,,8/13,30,ENST00000307000.2:c.828-31del,,,,,,,intronic_within_30bp_splice_site
chr12,103245564,.,AG,A,0,PASS,PAH,MODIFIER,intron_variant&non_coding_transcript_variant,,1/4,30,ENST00000549247.1:n.602-31del,,,,,,,intronic_within_30bp_splice_site
chr12,103245564,.,AG,A,0,PASS,PAH,MODIFIER,intron_variant,,7/12,30,ENST00000553106.1:c.843-31del,,,,,,,intronic_within_30bp_splice_site
chr12,103246569,.,T,TG,0,PASS,PAH,MODIFIER,intron_variant,,8/13,24,ENST00000307000.2:c.827+23dup,,,,,,,intronic_within_30bp_splice_site
chr12,103246569,.,T,TG,0,PASS,PAH,MODIFIER,intron_variant&non_coding_transcript_variant,,1/4,24,ENST00000549247.1:n.601+23dup,,,,,,,intronic_within_30bp_splice_site
chr12,103246569,.,T,TG,0,PASS,PAH,MODIFIER,intron_variant,,7/12,24,ENST00000553106.1:c.842+23dup,,,,,,,intronic_within_30bp_splice_site
chr12,103246576,.,T,TG,0,PASS,PAH,MODIFIER,intron_variant,,8/13,17,ENST00000307000.2:c.827+16dup,,,,,,,intronic_within_30bp_splice_site
chr12,103246576,.,T,TG,0,PASS,PAH,MODIFIER,intron_variant&non_coding_transcript_variant,,1/4,17,ENST00000549247.1:n.601+16dup,,,,,,,intronic_within_30bp_splice_site
chr12,103246576,.,T,TG,0,PASS,PAH,MODIFIER,intron_variant,,7/12,17,ENST00000553106.1:c.842+16dup,,,,,,,intronic_within_30bp_splice_site
chr12,103246579,.,A,AG,0,PASS,PAH,MODIFIER,intron_variant,,8/13,14,ENST00000307000.2:c.827+13dup,,,,,,,intronic_within_30bp_splice_site
chr12,103246579,.,A,AG,0,PASS,PAH,MODIFIER,intron_variant&non_coding_transcript_variant,,1/4,14,ENST00000549247.1:n.601+13dup,,,,,,,intronic_within_30bp_splice_site
chr12,103246579,.,A,AG,0,PASS,PAH,MODIFIER,intron_variant,,7/12,14,ENST00000553106.1:c.842+13dup,,,,,,,intronic_within_30bp_splice_site
chr12,103246587,.,A,AG,0,PASS,PAH,LOW,splice_donor_region_variant&intron_variant,,8/13,6,ENST00000307000.2:c.827+5_827+6insC,,,,,,,intronic_within_30bp_splice_site
chr12,103246587,.,A,AG,0,PASS,PAH,LOW,splice_donor_region_variant&intron_variant&non_coding_transcript_variant,,1/4,6,ENST00000549247.1:n.601+5_601+6insC,,,,,,,intronic_within_30bp_splice_site
chr12,103246587,.,A,AG,0,PASS,PAH,LOW,splice_donor_region_variant&intron_variant,,7/12,6,ENST00000553106.1:c.842+5_842+6insC,,,,,,,intronic_within_30bp_splice_site
chr12,103246597,.,CG,C,0,PASS,PAH,HIGH,frameshift_variant,8/14,,4,ENST00000307000.2:c.822del,ENSP00000303500.2:p.Glu275AsnfsTer61,rs281865429&CD993067&COSV104596248&COSV61015202,Pathogenic,Phenylketonuria,reviewed_by_expert_panel,NC_000012.11:g.103246602del,impact_HIGH_MODERATE
chr12,103246597,.,CG,C,0,PASS,PAH,HIGH,frameshift_variant,7/13,,4,ENST00000553106.1:c.837del,ENSP00000448059.1:p.Glu280AsnfsTer61,rs281865429&CD993067&COSV104596248&COSV61015202,Pathogenic,Phenylketonuria,reviewed_by_expert_panel,NC_000012.11:g.103246602del,impact_HIGH_MODERATE
chr12,103246609,.,T,TG,0,PASS,PAH,HIGH,frameshift_variant,8/14,,16,ENST00000307000.2:c.810dup,ENSP00000303500.2:p.Met271HisfsTer7,,,,,,impact_HIGH_MODERATE
chr12,103246609,.,T,TG,0,PASS,PAH,HIGH,frameshift_variant,7/13,,16,ENST00000553106.1:c.825dup,ENSP00000448059.1:p.Met276HisfsTer7,,,,,,impact_HIGH_MODERATE
chr12,103246657,.,AG,A,0,PASS,PAH,HIGH,frameshift_variant,8/14,,64,ENST00000307000.2:c.762del,ENSP00000303500.2:p.Phe255SerfsTer81,COSV61016795,,,,,impact_HIGH_MODERATE
chr12,103246657,.,AG,A,0,PASS,PAH,HIGH,frameshift_variant,7/13,,64,ENST00000553106.1:c.777del,ENSP00000448059.1:p.Phe260SerfsTer81,COSV61016795,,,,,impact_HIGH_MODERATE
chr12,103246664,.,GC,G,0,PASS,PAH,HIGH,frameshift_variant,8/14,,64,ENST00000307000.2:c.755del,ENSP00000303500.2:p.Gly252AlafsTer84,CM010966&CM973039&COSV100187912,,,,,impact_HIGH_MODERATE
chr12,103246664,.,GC,G,0,PASS,PAH,HIGH,frameshift_variant,7/13,,64,ENST00000553106.1:c.770del,ENSP00000448059.1:p.Gly257AlafsTer84,CM010966&CM973039&COSV100187912,,,,,impact_HIGH_MODERATE
chr12,103246673,.,GA,G,0,PASS,PAH,HIGH,frameshift_variant,8/14,,55,ENST00000307000.2:c.746del,ENSP00000303500.2:p.Phe249SerfsTer87,,,,,,impact_HIGH_MODERATE
chr12,103246673,.,GA,G,0,PASS,PAH,HIGH,frameshift_variant,7/13,,55,ENST00000553106.1:c.761del,ENSP00000448059.1:p.Phe254SerfsTer87,,,,,,impact_HIGH_MODERATE
chr12,103246707,.,C,T,0,PASS,PAH,MODERATE,missense_variant,8/14,,21,ENST00000307000.2:c.713G>A,ENSP00000303500.2:p.Arg238Gln,rs62508588&CM910283&CM993955,Pathogenic/Likely_pathogenic,PAH-related_disorder&Inborn_genetic_diseases&not_provided&Phenylketonuria,criteria_provided&_multiple_submitters&_no_conflicts,NC_000012.11:g.103246707C>T,impact_HIGH_MODERATE
chr12,103246707,.,C,T,0,PASS,PAH,MODERATE,missense_variant,7/13,,21,ENST00000553106.1:c.728G>A,ENSP00000448059.1:p.Arg243Gln,rs62508588&CM910283&CM993955,Pathogenic/Likely_pathogenic,PAH-related_disorder&Inborn_genetic_diseases&not_provided&Phenylketonuria,criteria_provided&_multiple_submitters&_no_conflicts,NC_000012.11:g.103246707C>T,impact_HIGH_MODERATE
chr12,103246730,.,T,TG,0,PASS,PAH,LOW,splice_region_variant&splice_polypyrimidine_tract_variant&intron_variant,,7/13,2,ENST00000307000.2:c.692-3dup,,,,,,,VEP_splice_annotation
chr12,103246730,.,T,TG,0,PASS,PAH,LOW,splice_region_variant&splice_polypyrimidine_tract_variant&intron_variant,,6/12,2,ENST00000553106.1:c.707-3dup,,,,,,,VEP_splice_annotation
chr12,103246733,.,G,GA,0,PASS,PAH,LOW,splice_region_variant&splice_polypyrimidine_tract_variant&intron_variant,,7/13,5,ENST00000307000.2:c.692-6dup,,,,,,,VEP_splice_annotation
chr12,103246733,.,G,GA,0,PASS,PAH,LOW,splice_region_variant&splice_polypyrimidine_tract_variant&intron_variant,,6/12,5,ENST00000553106.1:c.707-6dup,,,,,,,VEP_splice_annotation
chr12,103246736,.,GA,G,0,PASS,PAH,LOW,splice_polypyrimidine_tract_variant&intron_variant,,7/13,8,ENST00000307000.2:c.692-9del,,,,,,,intronic_within_30bp_splice_site
chr12,103246736,.,GA,G,0,PASS,PAH,LOW,splice_polypyrimidine_tract_variant&intron_variant,,6/12,8,ENST00000553106.1:c.707-9del,,,,,,,intronic_within_30bp_splice_site
chr12,103246741,.,G,GA,0,PASS,PAH,LOW,splice_polypyrimidine_tract_variant&intron_variant,,7/13,13,ENST00000307000.2:c.692-14dup,,,,,,,intronic_within_30bp_splice_site
chr12,103246741,.,G,GA,0,PASS,PAH,LOW,splice_polypyrimidine_tract_variant&intron_variant,,6/12,13,ENST00000553106.1:c.707-14dup,,,,,,,intronic_within_30bp_splice_site
chr12,103246744,.,GA,G,0,PASS,PAH,LOW,splice_polypyrimidine_tract_variant&intron_variant,,7/13,16,ENST00000307000.2:c.692-17del,,,,,,,intronic_within_30bp_splice_site
chr12,103246744,.,GA,G,0,PASS,PAH,LOW,splice_polypyrimidine_tract_variant&intron_variant,,6/12,16,ENST00000553106.1:c.707-17del,,,,,,,intronic_within_30bp_splice_site
chr12,103246753,.,C,CA,0,PASS,PAH,MODIFIER,intron_variant,,7/13,25,ENST00000307000.2:c.692-26_692-25insT,,,,,,,intronic_within_30bp_splice_site
chr12,103246753,.,C,CA,0,PASS,PAH,MODIFIER,intron_variant,,6/12,25,ENST00000553106.1:c.707-26_707-25insT,,,,,,,intronic_within_30bp_splice_site
chr12,103246755,.,C,CA,0,PASS,PAH,MODIFIER,intron_variant,,7/13,27,ENST00000307000.2:c.692-28dup,,,,,,,intronic_within_30bp_splice_site
chr12,103246755,.,C,CA,0,PASS,PAH,MODIFIER,intron_variant,,6/12,27,ENST00000553106.1:c.707-28dup,,,,,,,intronic_within_30bp_splice_site
chr12,103248889,.,G,GC,0,PASS,PAH,MODIFIER,intron_variant,,7/13,25,ENST00000307000.2:c.691+24dup,,,,,,,intronic_within_30bp_splice_site
chr12,103248889,.,G,GC,0,PASS,PAH,MODIFIER,intron_variant,,6/12,25,ENST00000553106.1:c.706+24dup,,,,,,,intronic_within_30bp_splice_site
chr12,103248896,.,AC,A,0,PASS,PAH,MODIFIER,intron_variant,,7/13,18,ENST00000307000.2:c.691+17del,,,,,,,intronic_within_30bp_splice_site
chr12,103248896,.,AC,A,0,PASS,PAH,MODIFIER,intron_variant,,6/12,18,ENST00000553106.1:c.706+17del,,,,,,,intronic_within_30bp_splice_site
chr12,103248905,.,TG,T,0,PASS,PAH,LOW,splice_region_variant&intron_variant,,7/13,9,ENST00000307000.2:c.691+8del,,,,,,,VEP_splice_annotation
chr12,103248905,.,TG,T,0,PASS,PAH,LOW,splice_region_variant&intron_variant,,6/12,9,ENST00000553106.1:c.706+8del,,,,,,,VEP_splice_annotation
chr12,103248975,.,CT,C,0,PASS,PAH,HIGH,frameshift_variant,7/14,,61,ENST00000307000.2:c.629del,ENSP00000303500.2:p.Lys210SerfsTer126,COSV61017204,,,,,impact_HIGH_MODERATE
chr12,103248975,.,CT,C,0,PASS,PAH,HIGH,frameshift_variant,6/13,,61,ENST00000553106.1:c.644del,ENSP00000448059.1:p.Lys215SerfsTer126,COSV61017204,,,,,impact_HIGH_MODERATE
chr12,103248989,.,GA,G,0,PASS,PAH,HIGH,frameshift_variant,7/14,,68,ENST00000307000.2:c.615del,ENSP00000303500.2:p.Pro206HisfsTer130,,,,,,impact_HIGH_MODERATE
chr12,103248989,.,GA,G,0,PASS,PAH,HIGH,frameshift_variant,6/13,,68,ENST00000553106.1:c.630del,ENSP00000448059.1:p.Pro211HisfsTer130,,,,,,impact_HIGH_MODERATE
chr12,103248998,.,G,GA,0,PASS,PAH,HIGH,frameshift_variant,7/14,,59,ENST00000307000.2:c.606dup,ENSP00000303500.2:p.His203SerfsTer7,,,,,,impact_HIGH_MODERATE
chr12,103248998,.,G,GA,0,PASS,PAH,HIGH,frameshift_variant,6/13,,59,ENST00000553106.1:c.621dup,ENSP00000448059.1:p.His208SerfsTer7,,,,,,impact_HIGH_MODERATE
chr12,103249009,.,T,C,0,PASS,PAH,MODERATE,missense_variant,7/14,,48,ENST00000307000.2:c.596A>G,ENSP00000303500.2:p.Tyr199Cys,rs62514927&CM123352&CS971842,Pathogenic,not_provided&Phenylketonuria,reviewed_by_expert_panel,NC_000012.11:g.103249009T>C,impact_HIGH_MODERATE
chr12,103249009,.,T,C,0,PASS,PAH,MODERATE,missense_variant,6/13,,48,ENST00000553106.1:c.611A>G,ENSP00000448059.1:p.Tyr204Cys,rs62514927&CM123352&CS971842,Pathogenic,not_provided&Phenylketonuria,reviewed_by_expert_panel,NC_000012.11:g.103249009T>C,impact_HIGH_MODERATE
chr12,103249014,.,A,AG,0,PASS,PAH,HIGH,frameshift_variant,7/14,,43,ENST00000307000.2:c.590dup,ENSP00000303500.2:p.Cys198LeufsTer3,,,,,,impact_HIGH_MODERATE
chr12,103249014,.,A,AG,0,PASS,PAH,HIGH,frameshift_variant,6/13,,43,ENST00000553106.1:c.605dup,ENSP00000448059.1:p.Cys203LeufsTer3,,,,,,impact_HIGH_MODERATE
chr12,103249021,.,GT,G,0,PASS,PAH,HIGH,frameshift_variant,7/14,,36,ENST00000307000.2:c.583del,ENSP00000303500.2:p.Thr195ProfsTer141,,,,,,impact_HIGH_MODERATE
chr12,103249021,.,GT,G,0,PASS,PAH,HIGH,frameshift_variant,6/13,,36,ENST00000553106.1:c.598del,ENSP00000448059.1:p.Thr200ProfsTer141,,,,,,impact_HIGH_MODERATE
chr12,103249044,.,C,CT,0,PASS,PAH,HIGH,frameshift_variant,7/14,,13,ENST00000307000.2:c.560dup,ENSP00000303500.2:p.Thr188AspfsTer7,,,,,,impact_HIGH_MODERATE
chr12,103249044,.,C,CT,0,PASS,PAH,HIGH,frameshift_variant,6/13,,13,ENST00000553106.1:c.575dup,ENSP00000448059.1:p.Thr193AspfsTer7,,,,,,impact_HIGH_MODERATE
chr12,103249056,.,GC,G,0,PASS,PAH,HIGH,frameshift_variant,7/14,,1,ENST00000307000.2:c.548del,ENSP00000303500.2:p.Gly183AlafsTer7,rs62507260&CD011181&CM078134,Pathogenic,not_provided&Phenylketonuria,criteria_provided&_single_submitter,NC_000012.11:g.103249060del,impact_HIGH_MODERATE
chr12,103249056,.,GC,G,0,PASS,PAH,HIGH,frameshift_variant,6/13,,1,ENST00000553106.1:c.563del,ENSP00000448059.1:p.Gly188AlafsTer7,rs62507260&CD011181&CM078134,Pathogenic,not_provided&Phenylketonuria,criteria_provided&_single_submitter,NC_000012.11:g.103249060del,impact_HIGH_MODERATE
chr12,103249061,.,A,AT,0,PASS,PAH,HIGH,frameshift_variant,7/14,,4,ENST00000307000.2:c.543dup,ENSP00000303500.2:p.Trp182MetfsTer13,,,,,,impact_HIGH_MODERATE
chr12,103249061,.,A,AT,0,PASS,PAH,HIGH,frameshift_variant,6/13,,4,ENST00000553106.1:c.558dup,ENSP00000448059.1:p.Trp187MetfsTer13,,,,,,impact_HIGH_MODERATE
chr12,103249093,.,C,CG,0,PASS,PAH,HIGH,frameshift_variant,7/14,,17,ENST00000307000.2:c.511dup,ENSP00000303500.2:p.Arg171ProfsTer24,,,,,,impact_HIGH_MODERATE
chr12,103249093,.,C,CG,0,PASS,PAH,HIGH,frameshift_variant,6/13,,17,ENST00000553106.1:c.526dup,ENSP00000448059.1:p.Arg176ProfsTer24,,,,,,impact_HIGH_MODERATE
chr12,103249095,.,AG,A,0,PASS,PAH,HIGH,frameshift_variant,7/14,,15,ENST00000307000.2:c.509del,ENSP00000303500.2:p.Pro170LeufsTer20,COSV61016562,,,,,impact_HIGH_MODERATE
chr12,103249095,.,AG,A,0,PASS,PAH,HIGH,frameshift_variant,6/13,,15,ENST00000553106.1:c.524del,ENSP00000448059.1:p.Pro175LeufsTer20,COSV61016562,,,,,impact_HIGH_MODERATE
chr12,103249100,.,TG,T,0,PASS,PAH,HIGH,frameshift_variant,7/14,,10,ENST00000307000.2:c.504del,ENSP00000303500.2:p.Ile169SerfsTer21,,,,,,impact_HIGH_MODERATE
chr12,103249100,.,TG,T,0,PASS,PAH,HIGH,frameshift_variant,6/13,,10,ENST00000553106.1:c.519del,ENSP00000448059.1:p.Ile174SerfsTer21,,,,,,impact_HIGH_MODERATE
chr12,103249106,.,GC,G,0,PASS,PAH,HIGH,frameshift_variant,7/14,,4,ENST00000307000.2:c.498del,ENSP00000303500.2:p.Gln167SerfsTer23,,,,,,impact_HIGH_MODERATE
chr12,103249106,.,GC,G,0,PASS,PAH,HIGH,frameshift_variant,6/13,,4,ENST00000553106.1:c.513del,ENSP00000448059.1:p.Gln172SerfsTer23,,,,,,impact_HIGH_MODERATE
chr12,103249120,.,AG,A,0,PASS,PAH,LOW,splice_polypyrimidine_tract_variant&intron_variant,,6/13,10,ENST00000307000.2:c.495-11del,,,,,,,intronic_within_30bp_splice_site
chr12,103249120,.,AG,A,0,PASS,PAH,LOW,splice_polypyrimidine_tract_variant&intron_variant&non_coding_transcript_variant,,5/5,10,ENST00000549111.1:n.606-11del,,,,,,,intronic_within_30bp_splice_site
chr12,103249120,.,AG,A,0,PASS,PAH,LOW,splice_polypyrimidine_tract_variant&intron_variant&non_coding_transcript_variant,,4/4,10,ENST00000551988.1:n.531-11del,,,,,,,intronic_within_30bp_splice_site
chr12,103249120,.,AG,A,0,PASS,PAH,LOW,splice_polypyrimidine_tract_variant&intron_variant,,5/12,10,ENST00000553106.1:c.510-11del,,,,,,,intronic_within_30bp_splice_site
chr12,103249122,.,G,A,0,PASS,PAH,LOW,splice_polypyrimidine_tract_variant&intron_variant,,6/13,12,ENST00000307000.2:c.495-12C>T,,,,,,,intronic_within_30bp_splice_site
chr12,103249122,.,G,A,0,PASS,PAH,LOW,splice_polypyrimidine_tract_variant&intron_variant&non_coding_transcript_variant,,5/5,12,ENST00000549111.1:n.606-12C>T,,,,,,,intronic_within_30bp_splice_site
chr12,103249122,.,G,A,0,PASS,PAH,LOW,splice_polypyrimidine_tract_variant&intron_variant&non_coding_transcript_variant,,4/4,12,ENST00000551988.1:n.531-12C>T,,,,,,,intronic_within_30bp_splice_site
chr12,103249122,.,G,A,0,PASS,PAH,LOW,splice_polypyrimidine_tract_variant&intron_variant,,5/12,12,ENST00000553106.1:c.510-12C>T,,,,,,,intronic_within_30bp_splice_site
chr12,103249125,.,CA,C,0,PASS,PAH,LOW,splice_polypyrimidine_tract_variant&intron_variant,,6/13,15,ENST00000307000.2:c.495-16del,,,,,,,intronic_within_30bp_splice_site
chr12,103249125,.,CA,C,0,PASS,PAH,LOW,splice_polypyrimidine_tract_variant&intron_variant&non_coding_transcript_variant,,5/5,15,ENST00000549111.1:n.606-16del,,,,,,,intronic_within_30bp_splice_site
chr12,103249125,.,CA,C,0,PASS,PAH,LOW,splice_polypyrimidine_tract_variant&intron_variant&non_coding_transcript_variant,,4/4,15,ENST00000551988.1:n.531-16del,,,,,,,intronic_within_30bp_splice_site
chr12,103249125,.,CA,C,0,PASS,PAH,LOW,splice_polypyrimidine_tract_variant&intron_variant,,5/12,15,ENST00000553106.1:c.510-16del,,,,,,,intronic_within_30bp_splice_site
chr12,103260347,.,T,TC,0,PASS,PAH,MODIFIER,intron_variant,,6/13,27,ENST00000307000.2:c.494+26dup,,,,,,,intronic_within_30bp_splice_site
chr12,103260347,.,T,TC,0,PASS,PAH,MODIFIER,intron_variant&non_coding_transcript_variant,,5/5,27,ENST00000549111.1:n.605+26dup,,,,,,,intronic_within_30bp_splice_site
chr12,103260347,.,T,TC,0,PASS,PAH,MODIFIER,intron_variant&non_coding_transcript_variant,,4/4,27,ENST00000551988.1:n.530+10892dup,,,,,,,intronic_within_30bp_splice_site
chr12,103260347,.,T,TC,0,PASS,PAH,MODIFIER,intron_variant,,5/12,27,ENST00000553106.1:c.509+26dup,,,,,,,intronic_within_30bp_splice_site
chr12,103260369,.,C,CG,0,PASS,PAH,LOW,splice_donor_region_variant&intron_variant,,6/13,5,ENST00000307000.2:c.494+4_494+5insC,,,,,,,intronic_within_30bp_splice_site
chr12,103260369,.,C,CG,0,PASS,PAH,LOW,splice_donor_region_variant&intron_variant&non_coding_transcript_variant,,5/5,5,ENST00000549111.1:n.605+4_605+5insC,,,,,,,intronic_within_30bp_splice_site
chr12,103260369,.,C,CG,0,PASS,PAH,MODIFIER,intron_variant&non_coding_transcript_variant,,4/4,5,ENST00000551988.1:n.530+10870_530+10871insC,,,,,,,intronic_within_30bp_splice_site
chr12,103260369,.,C,CG,0,PASS,PAH,LOW,splice_donor_region_variant&intron_variant,,5/12,5,ENST00000553106.1:c.509+4_509+5insC,,,,,,,intronic_within_30bp_splice_site
chr12,103260401,.,A,G,0,PASS,PAH,MODERATE,missense_variant,6/14,,27,ENST00000307000.2:c.467T>C,ENSP00000303500.2:p.Phe156Ser,rs79635844&CM920545,Pathogenic,not_provided&Phenylketonuria,criteria_provided&_multiple_submitters&_no_conflicts,NC_000012.11:g.103260401A>G,impact_HIGH_MODERATE
chr12,103260401,.,A,G,0,PASS,PAH,MODIFIER,intron_variant&non_coding_transcript_variant,,4/4,27,ENST00000551988.1:n.530+10839T>C,,rs79635844&CM920545,Pathogenic,not_provided&Phenylketonuria,criteria_provided&_multiple_submitters&_no_conflicts,NC_000012.11:g.103260401A>G,intronic_within_30bp_splice_site
chr12,103260401,.,A,G,0,PASS,PAH,MODERATE,missense_variant,5/13,,27,ENST00000553106.1:c.482T>C,ENSP00000448059.1:p.Phe161Ser,rs79635844&CM920545,Pathogenic,not_provided&Phenylketonuria,criteria_provided&_multiple_submitters&_no_conflicts,NC_000012.11:g.103260401A>G,impact_HIGH_MODERATE
chr12,103260406,.,CT,C,0,PASS,PAH,HIGH,frameshift_variant,6/14,,32,ENST00000307000.2:c.461del,ENSP00000303500.2:p.Lys154SerfsTer36,,,,,,impact_HIGH_MODERATE
chr12,103260406,.,CT,C,0,PASS,PAH,HIGH,frameshift_variant,5/13,,32,ENST00000553106.1:c.476del,ENSP00000448059.1:p.Lys159SerfsTer36,,,,,,impact_HIGH_MODERATE
chr12,103260435,.,TA,T,0,PASS,PAH,HIGH,frameshift_variant,6/14,,6,ENST00000307000.2:c.432del,ENSP00000303500.2:p.Phe144LeufsTer46,,Pathogenic,Phenylketonuria,criteria_provided&_single_submitter,NC_000012.11:g.103260439del,impact_HIGH_MODERATE
chr12,103260435,.,TA,T,0,PASS,PAH,MODIFIER,intron_variant&non_coding_transcript_variant,,4/4,6,ENST00000551988.1:n.530+10804del,,,Pathogenic,Phenylketonuria,criteria_provided&_single_submitter,NC_000012.11:g.103260439del,intronic_within_30bp_splice_site
chr12,103260435,.,TA,T,0,PASS,PAH,HIGH,frameshift_variant,5/13,,6,ENST00000553106.1:c.447del,ENSP00000448059.1:p.Phe149LeufsTer46,,Pathogenic,Phenylketonuria,criteria_provided&_single_submitter,NC_000012.11:g.103260439del,impact_HIGH_MODERATE
chr12,103260442,.,C,T,0,PASS,PAH,HIGH,splice_acceptor_variant,,5/13,1,ENST00000307000.2:c.427-1G>A,,rs62514907&CS910453&COSV100188291,Pathogenic,not_provided&Phenylketonuria,reviewed_by_expert_panel,NC_000012.11:g.103260442C>T,impact_HIGH_MODERATE
chr12,103260442,.,C,T,0,PASS,PAH,HIGH,splice_acceptor_variant&non_coding_transcript_variant,,4/5,1,ENST00000549111.1:n.538-1G>A,,rs62514907&CS910453&COSV100188291,Pathogenic,not_provided&Phenylketonuria,reviewed_by_expert_panel,NC_000012.11:g.103260442C>T,impact_HIGH_MODERATE
chr12,103260442,.,C,T,0,PASS,PAH,MODIFIER,intron_variant&non_coding_transcript_variant,,4/4,1,ENST00000551988.1:n.530+10798G>A,,rs62514907&CS910453&COSV100188291,Pathogenic,not_provided&Phenylketonuria,reviewed_by_expert_panel,NC_000012.11:g.103260442C>T,intronic_within_30bp_splice_site
chr12,103260442,.,C,T,0,PASS,PAH,HIGH,splice_acceptor_variant,,4/12,1,ENST00000553106.1:c.442-1G>A,,rs62514907&CS910453&COSV100188291,Pathogenic,not_provided&Phenylketonuria,reviewed_by_expert_panel,NC_000012.11:g.103260442C>T,impact_HIGH_MODERATE
chr12,103260448,.,GA,G,0,PASS,PAH,LOW,splice_region_variant&splice_polypyrimidine_tract_variant&intron_variant,,5/13,7,ENST00000307000.2:c.427-8del,,,,,,,VEP_splice_annotation
chr12,103260448,.,GA,G,0,PASS,PAH,LOW,splice_region_variant&splice_polypyrimidine_tract_variant&intron_variant&non_coding_transcript_variant,,4/5,7,ENST00000549111.1:n.538-8del,,,,,,,VEP_splice_annotation
chr12,103260448,.,GA,G,0,PASS,PAH,MODIFIER,intron_variant&non_coding_transcript_variant,,4/4,7,ENST00000551988.1:n.530+10791del,,,,,,,intronic_within_30bp_splice_site
chr12,103260448,.,GA,G,0,PASS,PAH,LOW,splice_region_variant&splice_polypyrimidine_tract_variant&intron_variant,,4/12,7,ENST00000553106.1:c.442-8del,,,,,,,VEP_splice_annotation
chr12,103260463,.,AT,A,0,PASS,PAH,MODIFIER,intron_variant,,5/13,22,ENST00000307000.2:c.427-23del,,,,,,,intronic_within_30bp_splice_site
chr12,103260463,.,AT,A,0,PASS,PAH,MODIFIER,intron_variant&non_coding_transcript_variant,,4/5,22,ENST00000549111.1:n.538-23del,,,,,,,intronic_within_30bp_splice_site
chr12,103260463,.,AT,A,0,PASS,PAH,MODIFIER,intron_variant&non_coding_transcript_variant,,4/4,22,ENST00000551988.1:n.530+10776del,,,,,,,intronic_within_30bp_splice_site
chr12,103260463,.,AT,A,0,PASS,PAH,MODIFIER,intron_variant,,4/12,22,ENST00000553106.1:c.442-23del,,,,,,,intronic_within_30bp_splice_site
chr12,103271224,.,C,CG,0,PASS,PAH,MODIFIER,intron_variant,,5/13,16,ENST00000307000.2:c.426+15dup,,,,,,,intronic_within_30bp_splice_site
chr12,103271224,.,C,CG,0,PASS,PAH,MODIFIER,intron_variant&non_coding_transcript_variant,,4/5,16,ENST00000549111.1:n.537+15dup,,,,,,,intronic_within_30bp_splice_site
chr12,103271224,.,C,CG,0,PASS,PAH,MODIFIER,intron_variant&non_coding_transcript_variant,,4/4,16,ENST00000551988.1:n.530+15dup,,,,,,,intronic_within_30bp_splice_site
chr12,103271224,.,C,CG,0,PASS,PAH,MODIFIER,intron_variant,,4/12,16,ENST00000553106.1:c.441+15dup,,,,,,,intronic_within_30bp_splice_site
chr12,103271227,.,GC,G,0,PASS,PAH,MODIFIER,intron_variant,,5/13,13,ENST00000307000.2:c.426+12del,,,,,,,intronic_within_30bp_splice_site
chr12,103271227,.,GC,G,0,PASS,PAH,MODIFIER,intron_variant&non_coding_transcript_variant,,4/5,13,ENST00000549111.1:n.537+12del,,,,,,,intronic_within_30bp_splice_site
chr12,103271227,.,GC,G,0,PASS,PAH,MODIFIER,intron_variant&non_coding_transcript_variant,,4/4,13,ENST00000551988.1:n.530+12del,,,,,,,intronic_within_30bp_splice_site
chr12,103271227,.,GC,G,0,PASS,PAH,MODIFIER,intron_variant,,4/12,13,ENST00000553106.1:c.441+12del,,,,,,,intronic_within_30bp_splice_site
chr12,103271240,.,AG,A,0,PASS,PAH,HIGH,frameshift_variant&splice_region_variant,5/14,,0,ENST00000307000.2:c.425del,ENSP00000303500.2:p.Pro142LeufsTer48,CM1111672&COSV100187785,Likely_pathogenic,Phenylketonuria,criteria_provided&_single_submitter,NC_000012.11:g.103271243del,impact_HIGH_MODERATE
chr12,103271240,.,AG,A,0,PASS,PAH,LOW,splice_region_variant&non_coding_transcript_exon_variant,4/6,,0,ENST00000549111.1:n.536del,,CM1111672&COSV100187785,Likely_pathogenic,Phenylketonuria,criteria_provided&_single_submitter,NC_000012.11:g.103271243del,VEP_splice_annotation
chr12,103271240,.,AG,A,0,PASS,PAH,LOW,splice_region_variant&non_coding_transcript_exon_variant,4/5,,0,ENST00000551988.1:n.529del,,CM1111672&COSV100187785,Likely_pathogenic,Phenylketonuria,criteria_provided&_single_submitter,NC_000012.11:g.103271243del,VEP_splice_annotation
chr12,103271240,.,AG,A,0,PASS,PAH,HIGH,frameshift_variant&splice_region_variant,4/13,,0,ENST00000553106.1:c.440del,ENSP00000448059.1:p.Pro147LeufsTer48,CM1111672&COSV100187785,Likely_pathogenic,Phenylketonuria,criteria_provided&_single_submitter,NC_000012.11:g.103271243del,impact_HIGH_MODERATE
chr12,103271244,.,T,TG,0,PASS,PAH,HIGH,frameshift_variant,5/14,,4,ENST00000307000.2:c.421dup,ENSP00000303500.2:p.His141ProfsTer5,,,,,,impact_HIGH_MODERATE
chr12,103271244,.,T,TG,0,PASS,PAH,HIGH,frameshift_variant,4/13,,4,ENST00000553106.1:c.436dup,ENSP00000448059.1:p.His146ProfsTer5,,,,,,impact_HIGH_MODERATE
chr12,103271350,.,G,A,0,PASS,PAH,MODIFIER,intron_variant,,4/13,22,ENST00000307000.2:c.338-22C>T,,rs2037639,Benign,not_specified&not_provided&Phenylketonuria,reviewed_by_expert_panel,NC_000012.11:g.103271350G>A,intronic_within_30bp_splice_site
chr12,103271350,.,G,A,0,PASS,PAH,MODIFIER,intron_variant&non_coding_transcript_variant,,3/5,22,ENST00000549111.1:n.449-22C>T,,rs2037639,Benign,not_specified&not_provided&Phenylketonuria,reviewed_by_expert_panel,NC_000012.11:g.103271350G>A,intronic_within_30bp_splice_site
chr12,103271350,.,G,A,0,PASS,PAH,MODIFIER,intron_variant&non_coding_transcript_variant,,3/3,22,ENST00000550978.1:n.337-22C>T,,rs2037639,Benign,not_specified&not_provided&Phenylketonuria,reviewed_by_expert_panel,NC_000012.11:g.103271350G>A,intronic_within_30bp_splice_site
chr12,103271350,.,G,A,0,PASS,PAH,MODIFIER,intron_variant,,4/4,22,ENST00000551337.1:c.353-22C>T,,rs2037639,Benign,not_specified&not_provided&Phenylketonuria,reviewed_by_expert_panel,NC_000012.11:g.103271350G>A,intronic_within_30bp_splice_site
chr12,103271350,.,G,A,0,PASS,PAH,MODIFIER,intron_variant&non_coding_transcript_variant,,3/4,22,ENST00000551988.1:n.442-22C>T,,rs2037639,Benign,not_specified&not_provided&Phenylketonuria,reviewed_by_expert_panel,NC_000012.11:g.103271350G>A,intronic_within_30bp_splice_site
chr12,103271350,.,G,A,0,PASS,PAH,MODIFIER,intron_variant,,3/12,22,ENST00000553106.1:c.353-22C>T,,rs2037639,Benign,not_specified&not_provided&Phenylketonuria,reviewed_by_expert_panel,NC_000012.11:g.103271350G>A,intronic_within_30bp_splice_site
chr12,103288483,.,C,CT,0,PASS,PAH,MODIFIER,intron_variant,,4/13,30,ENST00000307000.2:c.337+29dup,,,,,,,intronic_within_30bp_splice_site
chr12,103288483,.,C,CT,0,PASS,PAH,MODIFIER,intron_variant&non_coding_transcript_variant,,2/2,30,ENST00000548928.1:n.274+29dup,,,,,,,intronic_within_30bp_splice_site
chr12,103288483,.,C,CT,0,PASS,PAH,MODIFIER,intron_variant&non_coding_transcript_variant,,3/5,30,ENST00000549111.1:n.448+29dup,,,,,,,intronic_within_30bp_splice_site
chr12,103288483,.,C,CT,0,PASS,PAH,MODIFIER,intron_variant&non_coding_transcript_variant,,3/3,30,ENST00000550978.1:n.336+29dup,,,,,,,intronic_within_30bp_splice_site
chr12,103288483,.,C,CT,0,PASS,PAH,MODIFIER,intron_variant,,4/4,30,ENST00000551337.1:c.352+29dup,,,,,,,intronic_within_30bp_splice_site
chr12,103288483,.,C,CT,0,PASS,PAH,MODIFIER,intron_variant&non_coding_transcript_variant,,3/4,30,ENST00000551988.1:n.441+29dup,,,,,,,intronic_within_30bp_splice_site
chr12,103288483,.,C,CT,0,PASS,PAH,MODIFIER,intron_variant,,3/12,30,ENST00000553106.1:c.352+29dup,,,,,,,intronic_within_30bp_splice_site
chr12,103288492,.,CA,C,0,PASS,PAH,MODIFIER,intron_variant,,4/13,21,ENST00000307000.2:c.337+20del,,,,,,,intronic_within_30bp_splice_site
chr12,103288492,.,CA,C,0,PASS,PAH,MODIFIER,intron_variant&non_coding_transcript_variant,,2/2,21,ENST00000548928.1:n.274+20del,,,,,,,intronic_within_30bp_splice_site
chr12,103288492,.,CA,C,0,PASS,PAH,MODIFIER,intron_variant&non_coding_transcript_variant,,3/5,21,ENST00000549111.1:n.448+20del,,,,,,,intronic_within_30bp_splice_site
chr12,103288492,.,CA,C,0,PASS,PAH,MODIFIER,intron_variant&non_coding_transcript_variant,,3/3,21,ENST00000550978.1:n.336+20del,,,,,,,intronic_within_30bp_splice_site
chr12,103288492,.,CA,C,0,PASS,PAH,MODIFIER,intron_variant,,4/4,21,ENST00000551337.1:c.352+20del,,,,,,,intronic_within_30bp_splice_site
chr12,103288492,.,CA,C,0,PASS,PAH,MODIFIER,intron_variant&non_coding_transcript_variant,,3/4,21,ENST00000551988.1:n.441+20del,,,,,,,intronic_within_30bp_splice_site
chr12,103288492,.,CA,C,0,PASS,PAH,MODIFIER,intron_variant,,3/12,21,ENST00000553106.1:c.352+20del,,,,,,,intronic_within_30bp_splice_site
chr12,103288503,.,TA,T,0,PASS,PAH,MODIFIER,intron_variant,,4/13,10,ENST00000307000.2:c.337+9del,,,,,,,intronic_within_30bp_splice_site
chr12,103288503,.,TA,T,0,PASS,PAH,MODIFIER,intron_variant&non_coding_transcript_variant,,2/2,10,ENST00000548928.1:n.274+9del,,,,,,,intronic_within_30bp_splice_site
chr12,103288503,.,TA,T,0,PASS,PAH,MODIFIER,intron_variant&non_coding_transcript_variant,,3/5,10,ENST00000549111.1:n.448+9del,,,,,,,intronic_within_30bp_splice_site
chr12,103288503,.,TA,T,0,PASS,PAH,MODIFIER,intron_variant&non_coding_transcript_variant,,3/3,10,ENST00000550978.1:n.336+9del,,,,,,,intronic_within_30bp_splice_site
chr12,103288503,.,TA,T,0,PASS,PAH,MODIFIER,intron_variant,,4/4,10,ENST00000551337.1:c.352+9del,,,,,,,intronic_within_30bp_splice_site
chr12,103288503,.,TA,T,0,PASS,PAH,MODIFIER,intron_variant&non_coding_transcript_variant,,3/4,10,ENST00000551988.1:n.441+9del,,,,,,,intronic_within_30bp_splice_site
chr12,103288503,.,TA,T,0,PASS,PAH,MODIFIER,intron_variant,,3/12,10,ENST00000553106.1:c.352+9del,,,,,,,intronic_within_30bp_splice_site
chr12,103288536,.,GA,G,0,PASS,PAH,HIGH,frameshift_variant,4/14,,23,ENST00000307000.2:c.313del,ENSP00000303500.2:p.Ser105HisfsTer85,CD130698,,,,,impact_HIGH_MODERATE
chr12,103288536,.,GA,G,0,PASS,PAH,HIGH,frameshift_variant,4/4,,23,ENST00000546844.1:c.328del,ENSP00000446658.1:p.Ser110HisfsTer?,CD130698,,,,,impact_HIGH_MODERATE
chr12,103288536,.,GA,G,0,PASS,PAH,HIGH,frameshift_variant,4/5,,23,ENST00000551337.1:c.328del,ENSP00000447620.1:p.Ser110HisfsTer?,CD130698,,,,,impact_HIGH_MODERATE
chr12,103288536,.,GA,G,0,PASS,PAH,HIGH,frameshift_variant,3/13,,23,ENST00000553106.1:c.328del,ENSP00000448059.1:p.Ser110HisfsTer85,CD130698,,,,,impact_HIGH_MODERATE
chr12,103288595,.,AG,A,0,PASS,PAH,HIGH,frameshift_variant,4/14,,14,ENST00000307000.2:c.254del,ENSP00000303500.2:p.Ala85ValfsTer2,,,,,,impact_HIGH_MODERATE
chr12,103288595,.,AG,A,0,PASS,PAH,HIGH,frameshift_variant,4/4,,14,ENST00000546844.1:c.269del,ENSP00000446658.1:p.Ala90ValfsTer2,,,,,,impact_HIGH_MODERATE
chr12,103288595,.,AG,A,0,PASS,PAH,HIGH,frameshift_variant,4/5,,14,ENST00000551337.1:c.269del,ENSP00000447620.1:p.Ala90ValfsTer2,,,,,,impact_HIGH_MODERATE
chr12,103288595,.,AG,A,0,PASS,PAH,HIGH,frameshift_variant,3/13,,14,ENST00000553106.1:c.269del,ENSP00000448059.1:p.Ala90ValfsTer2,,,,,,impact_HIGH_MODERATE
chr12,103288616,.,CA,C,0,PASS,PAH,HIGH,frameshift_variant,4/14,,35,ENST00000307000.2:c.233del,ENSP00000303500.2:p.Leu78TrpfsTer9,,,,,,impact_HIGH_MODERATE
chr12,103288616,.,CA,C,0,PASS,PAH,HIGH,frameshift_variant,4/4,,35,ENST00000546844.1:c.248del,ENSP00000446658.1:p.Leu83TrpfsTer9,,,,,,impact_HIGH_MODERATE
chr12,103288616,.,CA,C,0,PASS,PAH,HIGH,frameshift_variant,4/5,,35,ENST00000551337.1:c.248del,ENSP00000447620.1:p.Leu83TrpfsTer9,,,,,,impact_HIGH_MODERATE
chr12,103288616,.,CA,C,0,PASS,PAH,HIGH,frameshift_variant,3/13,,35,ENST00000553106.1:c.248del,ENSP00000448059.1:p.Leu83TrpfsTer9,,,,,,impact_HIGH_MODERATE
chr12,103288625,.,GA,G,0,PASS,PAH,HIGH,frameshift_variant,4/14,,44,ENST00000307000.2:c.224del,ENSP00000303500.2:p.Phe75SerfsTer12,,,,,,impact_HIGH_MODERATE
chr12,103288625,.,GA,G,0,PASS,PAH,HIGH,frameshift_variant,4/4,,44,ENST00000546844.1:c.239del,ENSP00000446658.1:p.Phe80SerfsTer12,,,,,,impact_HIGH_MODERATE
chr12,103288625,.,GA,G,0,PASS,PAH,HIGH,frameshift_variant,4/5,,44,ENST00000551337.1:c.239del,ENSP00000447620.1:p.Phe80SerfsTer12,,,,,,impact_HIGH_MODERATE
chr12,103288625,.,GA,G,0,PASS,PAH,HIGH,frameshift_variant,3/13,,44,ENST00000553106.1:c.239del,ENSP00000448059.1:p.Phe80SerfsTer12,,,,,,impact_HIGH_MODERATE
chr12,103288666,.,AT,A,0,PASS,PAH,HIGH,frameshift_variant,4/14,,30,ENST00000307000.2:c.183del,ENSP00000303500.2:p.Glu61AspfsTer7,,,,,,impact_HIGH_MODERATE
chr12,103288666,.,AT,A,0,PASS,PAH,HIGH,frameshift_variant,4/4,,30,ENST00000546844.1:c.198del,ENSP00000446658.1:p.Glu66AspfsTer7,,,,,,impact_HIGH_MODERATE
chr12,103288666,.,AT,A,0,PASS,PAH,HIGH,frameshift_variant,4/5,,30,ENST00000551337.1:c.198del,ENSP00000447620.1:p.Glu66AspfsTer7,,,,,,impact_HIGH_MODERATE
chr12,103288666,.,AT,A,0,PASS,PAH,HIGH,frameshift_variant,3/13,,30,ENST00000553106.1:c.198del,ENSP00000448059.1:p.Glu66AspfsTer7,,,,,,impact_HIGH_MODERATE
chr12,103288710,.,TG,T,0,PASS,PAH,LOW,splice_polypyrimidine_tract_variant&intron_variant,,3/13,14,ENST00000307000.2:c.154-15del,,,,,,,intronic_within_30bp_splice_site
chr12,103288710,.,TG,T,0,PASS,PAH,LOW,splice_polypyrimidine_tract_variant&intron_variant,,3/3,14,ENST00000546844.1:c.169-15del,,,,,,,intronic_within_30bp_splice_site
chr12,103288710,.,TG,T,0,PASS,PAH,LOW,splice_polypyrimidine_tract_variant&intron_variant&non_coding_transcript_variant,,3/3,14,ENST00000548677.1:n.256-15del,,,,,,,intronic_within_30bp_splice_site
chr12,103288710,.,TG,T,0,PASS,PAH,LOW,splice_polypyrimidine_tract_variant&intron_variant&non_coding_transcript_variant,,1/2,14,ENST00000548928.1:n.91-15del,,,,,,,intronic_within_30bp_splice_site
chr12,103288710,.,TG,T,0,PASS,PAH,LOW,splice_polypyrimidine_tract_variant&intron_variant&non_coding_transcript_variant,,2/5,14,ENST00000549111.1:n.265-15del,,,,,,,intronic_within_30bp_splice_site
chr12,103288710,.,TG,T,0,PASS,PAH,LOW,splice_polypyrimidine_tract_variant&intron_variant&non_coding_transcript_variant,,2/3,14,ENST00000550978.1:n.153-15del,,,,,,,intronic_within_30bp_splice_site
chr12,103288710,.,TG,T,0,PASS,PAH,LOW,splice_polypyrimidine_tract_variant&intron_variant,,3/4,14,ENST00000551337.1:c.169-15del,,,,,,,intronic_within_30bp_splice_site
chr12,103288710,.,TG,T,0,PASS,PAH,LOW,splice_polypyrimidine_tract_variant&intron_variant&non_coding_transcript_variant,,2/4,14,ENST00000551988.1:n.258-15del,,,,,,,intronic_within_30bp_splice_site
chr12,103288710,.,TG,T,0,PASS,PAH,LOW,splice_polypyrimidine_tract_variant&intron_variant,,2/12,14,ENST00000553106.1:c.169-15del,,,,,,,intronic_within_30bp_splice_site
chr12,103288719,.,T,TG,0,PASS,PAH,MODIFIER,intron_variant,,3/13,23,ENST00000307000.2:c.154-24dup,,,,,,,intronic_within_30bp_splice_site
chr12,103288719,.,T,TG,0,PASS,PAH,MODIFIER,intron_variant,,3/3,23,ENST00000546844.1:c.169-24dup,,,,,,,intronic_within_30bp_splice_site
chr12,103288719,.,T,TG,0,PASS,PAH,MODIFIER,intron_variant&non_coding_transcript_variant,,3/3,23,ENST00000548677.1:n.256-24dup,,,,,,,intronic_within_30bp_splice_site
chr12,103288719,.,T,TG,0,PASS,PAH,MODIFIER,intron_variant&non_coding_transcript_variant,,1/2,23,ENST00000548928.1:n.91-24dup,,,,,,,intronic_within_30bp_splice_site
chr12,103288719,.,T,TG,0,PASS,PAH,MODIFIER,intron_variant&non_coding_transcript_variant,,2/5,23,ENST00000549111.1:n.265-24dup,,,,,,,intronic_within_30bp_splice_site
chr12,103288719,.,T,TG,0,PASS,PAH,MODIFIER,intron_variant&non_coding_transcript_variant,,2/3,23,ENST00000550978.1:n.153-24dup,,,,,,,intronic_within_30bp_splice_site
chr12,103288719,.,T,TG,0,PASS,PAH,MODIFIER,intron_variant,,3/4,23,ENST00000551337.1:c.169-24dup,,,,,,,intronic_within_30bp_splice_site
chr12,103288719,.,T,TG,0,PASS,PAH,MODIFIER,intron_variant&non_coding_transcript_variant,,2/4,23,ENST00000551988.1:n.258-24dup,,,,,,,intronic_within_30bp_splice_site
chr12,103288719,.,T,TG,0,PASS,PAH,MODIFIER,intron_variant,,2/12,23,ENST00000553106.1:c.169-24dup,,,,,,,intronic_within_30bp_splice_site
chr12,103306550,.,A,G,0,PASS,PAH,MODIFIER,intron_variant,,3/13,19,ENST00000307000.2:c.153+19T>C,,rs17842947&CS135060&COSV61016895,Benign,not_specified&not_provided&Phenylketonuria,reviewed_by_expert_panel,NC_000012.11:g.103306550A>G,intronic_within_30bp_splice_site
chr12,103306550,.,A,G,0,PASS,PAH,MODIFIER,intron_variant,,3/3,19,ENST00000546844.1:c.168+19T>C,,rs17842947&CS135060&COSV61016895,Benign,not_specified&not_provided&Phenylketonuria,reviewed_by_expert_panel,NC_000012.11:g.103306550A>G,intronic_within_30bp_splice_site
chr12,103306550,.,A,G,0,PASS,PAH,MODIFIER,intron_variant&non_coding_transcript_variant,,3/3,19,ENST00000548677.1:n.255+19T>C,,rs17842947&CS135060&COSV61016895,Benign,not_specified&not_provided&Phenylketonuria,reviewed_by_expert_panel,NC_000012.11:g.103306550A>G,intronic_within_30bp_splice_site
chr12,103306550,.,A,G,0,PASS,PAH,MODIFIER,intron_variant&non_coding_transcript_variant,,1/2,19,ENST00000548928.1:n.90+19T>C,,rs17842947&CS135060&COSV61016895,Benign,not_specified&not_provided&Phenylketonuria,reviewed_by_expert_panel,NC_000012.11:g.103306550A>G,intronic_within_30bp_splice_site
chr12,103306550,.,A,G,0,PASS,PAH,MODIFIER,intron_variant&non_coding_transcript_variant,,2/5,19,ENST00000549111.1:n.264+19T>C,,rs17842947&CS135060&COSV61016895,Benign,not_specified&not_provided&Phenylketonuria,reviewed_by_expert_panel,NC_000012.11:g.103306550A>G,intronic_within_30bp_splice_site
chr12,103306550,.,A,G,0,PASS,PAH,MODIFIER,intron_variant&non_coding_transcript_variant,,2/3,19,ENST00000550978.1:n.152+19T>C,,rs17842947&CS135060&COSV61016895,Benign,not_specified&not_provided&Phenylketonuria,reviewed_by_expert_panel,NC_000012.11:g.103306550A>G,intronic_within_30bp_splice_site
chr12,103306550,.,A,G,0,PASS,PAH,MODIFIER,intron_variant,,3/4,19,ENST00000551337.1:c.168+19T>C,,rs17842947&CS135060&COSV61016895,Benign,not_specified&not_provided&Phenylketonuria,reviewed_by_expert_panel,NC_000012.11:g.103306550A>G,intronic_within_30bp_splice_site
chr12,103306550,.,A,G,0,PASS,PAH,MODIFIER,intron_variant&non_coding_transcript_variant,,2/4,19,ENST00000551988.1:n.257+19T>C,,rs17842947&CS135060&COSV61016895,Benign,not_specified&not_provided&Phenylketonuria,reviewed_by_expert_panel,NC_000012.11:g.103306550A>G,intronic_within_30bp_splice_site
chr12,103306550,.,A,G,0,PASS,PAH,MODIFIER,intron_variant,,2/12,19,ENST00000553106.1:c.168+19T>C,,rs17842947&CS135060&COSV61016895,Benign,not_specified&not_provided&Phenylketonuria,reviewed_by_expert_panel,NC_000012.11:g.103306550A>G,intronic_within_30bp_splice_site
chr12,103306641,.,AT,A,0,PASS,PAH,HIGH,frameshift_variant,3/14,,17,ENST00000307000.2:c.80del,ENSP00000303500.2:p.Asn27MetfsTer6,,,,,,impact_HIGH_MODERATE
chr12,103306641,.,AT,A,0,PASS,PAH,HIGH,frameshift_variant,3/4,,17,ENST00000546844.1:c.95del,ENSP00000446658.1:p.Asn32MetfsTer6,,,,,,impact_HIGH_MODERATE
chr12,103306641,.,AT,A,0,PASS,PAH,HIGH,frameshift_variant,3/5,,17,ENST00000551337.1:c.95del,ENSP00000447620.1:p.Asn32MetfsTer6,,,,,,impact_HIGH_MODERATE
chr12,103306641,.,AT,A,0,PASS,PAH,HIGH,frameshift_variant,2/13,,17,ENST00000553106.1:c.95del,ENSP00000448059.1:p.Asn32MetfsTer6,,,,,,impact_HIGH_MODERATE
chr12,103306679,.,A,AT,0,PASS,PAH,LOW,splice_region_variant&splice_polypyrimidine_tract_variant&intron_variant,,2/13,3,ENST00000307000.2:c.46-4_46-3insA,,,,,,,VEP_splice_annotation
chr12,103306679,.,A,AT,0,PASS,PAH,LOW,splice_region_variant&splice_polypyrimidine_tract_variant&intron_variant,,2/3,3,ENST00000546844.1:c.61-4_61-3insA,,,,,,,VEP_splice_annotation
chr12,103306679,.,A,AT,0,PASS,PAH,LOW,splice_region_variant&splice_polypyrimidine_tract_variant&intron_variant&non_coding_transcript_variant,,2/3,3,ENST00000548677.1:n.148-4_148-3insA,,,,,,,VEP_splice_annotation
chr12,103306679,.,A,AT,0,PASS,PAH,LOW,splice_region_variant&splice_polypyrimidine_tract_variant&intron_variant&non_coding_transcript_variant,,1/5,3,ENST00000549111.1:n.157-4_157-3insA,,,,,,,VEP_splice_annotation
chr12,103306679,.,A,AT,0,PASS,PAH,LOW,splice_region_variant&splice_polypyrimidine_tract_variant&intron_variant&non_coding_transcript_variant,,1/3,3,ENST00000550978.1:n.45-4_45-3insA,,,,,,,VEP_splice_annotation
chr12,103306679,.,A,AT,0,PASS,PAH,LOW,splice_region_variant&splice_polypyrimidine_tract_variant&intron_variant,,2/4,3,ENST00000551337.1:c.61-4_61-3insA,,,,,,,VEP_splice_annotation
chr12,103306679,.,A,AT,0,PASS,PAH,LOW,splice_region_variant&splice_polypyrimidine_tract_variant&intron_variant&non_coding_transcript_variant,,1/4,3,ENST00000551988.1:n.150-4_150-3insA,,,,,,,VEP_splice_annotation
chr12,103306679,.,A,AT,0,PASS,PAH,LOW,splice_region_variant&splice_polypyrimidine_tract_variant&intron_variant,,1/12,3,ENST00000553106.1:c.61-4_61-3insA,,,,,,,VEP_splice_annotation
chr12,103306681,.,A,AG,0,PASS,PAH,LOW,splice_region_variant&splice_polypyrimidine_tract_variant&intron_variant,,2/13,5,ENST00000307000.2:c.46-6dup,,,,,,,VEP_splice_annotation
chr12,103306681,.,A,AG,0,PASS,PAH,LOW,splice_region_variant&splice_polypyrimidine_tract_variant&intron_variant,,2/3,5,ENST00000546844.1:c.61-6dup,,,,,,,VEP_splice_annotation
chr12,103306681,.,A,AG,0,PASS,PAH,LOW,splice_region_variant&splice_polypyrimidine_tract_variant&intron_variant&non_coding_transcript_variant,,2/3,5,ENST00000548677.1:n.148-6dup,,,,,,,VEP_splice_annotation
chr12,103306681,.,A,AG,0,PASS,PAH,LOW,splice_region_variant&splice_polypyrimidine_tract_variant&intron_variant&non_coding_transcript_variant,,1/5,5,ENST00000549111.1:n.157-6dup,,,,,,,VEP_splice_annotation
chr12,103306681,.,A,AG,0,PASS,PAH,LOW,splice_region_variant&splice_polypyrimidine_tract_variant&intron_variant&non_coding_transcript_variant,,1/3,5,ENST00000550978.1:n.45-6dup,,,,,,,VEP_splice_annotation
chr12,103306681,.,A,AG,0,PASS,PAH,LOW,splice_region_variant&splice_polypyrimidine_tract_variant&intron_variant,,2/4,5,ENST00000551337.1:c.61-6dup,,,,,,,VEP_splice_annotation
chr12,103306681,.,A,AG,0,PASS,PAH,LOW,splice_region_variant&splice_polypyrimidine_tract_variant&intron_variant&non_coding_transcript_variant,,1/4,5,ENST00000551988.1:n.150-6dup,,,,,,,VEP_splice_annotation
chr12,103306681,.,A,AG,0,PASS,PAH,LOW,splice_region_variant&splice_polypyrimidine_tract_variant&intron_variant,,1/12,5,ENST00000553106.1:c.61-6dup,,,,,,,VEP_splice_annotation
chr12,103306689,.,A,AT,0,PASS,PAH,LOW,splice_polypyrimidine_tract_variant&intron_variant,,2/13,13,ENST00000307000.2:c.46-14dup,,,,,,,intronic_within_30bp_splice_site
chr12,103306689,.,A,AT,0,PASS,PAH,LOW,splice_polypyrimidine_tract_variant&intron_variant,,2/3,13,ENST00000546844.1:c.61-14dup,,,,,,,intronic_within_30bp_splice_site
chr12,103306689,.,A,AT,0,PASS,PAH,LOW,splice_polypyrimidine_tract_variant&intron_variant&non_coding_transcript_variant,,2/3,13,ENST00000548677.1:n.148-14dup,,,,,,,intronic_within_30bp_splice_site
chr12,103306689,.,A,AT,0,PASS,PAH,LOW,splice_polypyrimidine_tract_variant&intron_variant&non_coding_transcript_variant,,1/5,13,ENST00000549111.1:n.157-14dup,,,,,,,intronic_within_30bp_splice_site
chr12,103306689,.,A,AT,0,PASS,PAH,LOW,splice_polypyrimidine_tract_variant&intron_variant&non_coding_transcript_variant,,1/3,13,ENST00000550978.1:n.45-14dup,,,,,,,intronic_within_30bp_splice_site
chr12,103306689,.,A,AT,0,PASS,PAH,LOW,splice_polypyrimidine_tract_variant&intron_variant,,2/4,13,ENST00000551337.1:c.61-14dup,,,,,,,intronic_within_30bp_splice_site
chr12,103306689,.,A,AT,0,PASS,PAH,LOW,splice_polypyrimidine_tract_variant&intron_variant&non_coding_transcript_variant,,1/4,13,ENST00000551988.1:n.150-14dup,,,,,,,intronic_within_30bp_splice_site
chr12,103306689,.,A,AT,0,PASS,PAH,LOW,splice_polypyrimidine_tract_variant&intron_variant,,1/12,13,ENST00000553106.1:c.61-14dup,,,,,,,intronic_within_30bp_splice_site
chr12,103306693,.,A,AT,0,PASS,PAH,LOW,splice_polypyrimidine_tract_variant&intron_variant,,2/13,17,ENST00000307000.2:c.46-18dup,,,,,,,intronic_within_30bp_splice_site
chr12,103306693,.,A,AT,0,PASS,PAH,LOW,splice_polypyrimidine_tract_variant&intron_variant,,2/3,17,ENST00000546844.1:c.61-18dup,,,,,,,intronic_within_30bp_splice_site
chr12,103306693,.,A,AT,0,PASS,PAH,LOW,splice_polypyrimidine_tract_variant&intron_variant&non_coding_transcript_variant,,2/3,17,ENST00000548677.1:n.148-18dup,,,,,,,intronic_within_30bp_splice_site
chr12,103306693,.,A,AT,0,PASS,PAH,LOW,splice_polypyrimidine_tract_variant&intron_variant&non_coding_transcript_variant,,1/5,17,ENST00000549111.1:n.157-18dup,,,,,,,intronic_within_30bp_splice_site
chr12,103306693,.,A,AT,0,PASS,PAH,LOW,splice_polypyrimidine_tract_variant&intron_variant&non_coding_transcript_variant,,1/3,17,ENST00000550978.1:n.45-18dup,,,,,,,intronic_within_30bp_splice_site
chr12,103306693,.,A,AT,0,PASS,PAH,LOW,splice_polypyrimidine_tract_variant&intron_variant,,2/4,17,ENST00000551337.1:c.61-18dup,,,,,,,intronic_within_30bp_splice_site
chr12,103306693,.,A,AT,0,PASS,PAH,LOW,splice_polypyrimidine_tract_variant&intron_variant&non_coding_transcript_variant,,1/4,17,ENST00000551988.1:n.150-18dup,,,,,,,intronic_within_30bp_splice_site
chr12,103306693,.,A,AT,0,PASS,PAH,LOW,splice_polypyrimidine_tract_variant&intron_variant,,1/12,17,ENST00000553106.1:c.61-18dup,,,,,,,intronic_within_30bp_splice_site
chr12,103306697,.,G,GT,0,PASS,PAH,MODIFIER,intron_variant,,2/13,21,ENST00000307000.2:c.46-22dup,,,,,,,intronic_within_30bp_splice_site
chr12,103306697,.,G,GT,0,PASS,PAH,MODIFIER,intron_variant,,2/3,21,ENST00000546844.1:c.61-22dup,,,,,,,intronic_within_30bp_splice_site
chr12,103306697,.,G,GT,0,PASS,PAH,MODIFIER,intron_variant&non_coding_transcript_variant,,2/3,21,ENST00000548677.1:n.148-22dup,,,,,,,intronic_within_30bp_splice_site
chr12,103306697,.,G,GT,0,PASS,PAH,MODIFIER,intron_variant&non_coding_transcript_variant,,1/5,21,ENST00000549111.1:n.157-22dup,,,,,,,intronic_within_30bp_splice_site
chr12,103306697,.,G,GT,0,PASS,PAH,MODIFIER,intron_variant&non_coding_transcript_variant,,1/3,21,ENST00000550978.1:n.45-22dup,,,,,,,intronic_within_30bp_splice_site
chr12,103306697,.,G,GT,0,PASS,PAH,MODIFIER,intron_variant,,2/4,21,ENST00000551337.1:c.61-22dup,,,,,,,intronic_within_30bp_splice_site
chr12,103306697,.,G,GT,0,PASS,PAH,MODIFIER,intron_variant&non_coding_transcript_variant,,1/4,21,ENST00000551988.1:n.150-22dup,,,,,,,intronic_within_30bp_splice_site
chr12,103306697,.,G,GT,0,PASS,PAH,MODIFIER,intron_variant,,1/12,21,ENST00000553106.1:c.61-22dup,,,,,,,intronic_within_30bp_splice_site
chr12,103306700,.,TA,T,0,PASS,PAH,MODIFIER,intron_variant,,2/13,24,ENST00000307000.2:c.46-25del,,,,,,,intronic_within_30bp_splice_site
chr12,103306700,.,TA,T,0,PASS,PAH,MODIFIER,intron_variant,,2/3,24,ENST00000546844.1:c.61-25del,,,,,,,intronic_within_30bp_splice_site
chr12,103306700,.,TA,T,0,PASS,PAH,MODIFIER,intron_variant&non_coding_transcript_variant,,2/3,24,ENST00000548677.1:n.148-25del,,,,,,,intronic_within_30bp_splice_site
chr12,103306700,.,TA,T,0,PASS,PAH,MODIFIER,intron_variant&non_coding_transcript_variant,,1/5,24,ENST00000549111.1:n.157-25del,,,,,,,intronic_within_30bp_splice_site
chr12,103306700,.,TA,T,0,PASS,PAH,MODIFIER,intron_variant&non_coding_transcript_variant,,1/3,24,ENST00000550978.1:n.45-25del,,,,,,,intronic_within_30bp_splice_site
chr12,103306700,.,TA,T,0,PASS,PAH,MODIFIER,intron_variant,,2/4,24,ENST00000551337.1:c.61-25del,,,,,,,intronic_within_30bp_splice_site
chr12,103306700,.,TA,T,0,PASS,PAH,MODIFIER,intron_variant&non_coding_transcript_variant,,1/4,24,ENST00000551988.1:n.150-25del,,,,,,,intronic_within_30bp_splice_site
chr12,103306700,.,TA,T,0,PASS,PAH,MODIFIER,intron_variant,,1/12,24,ENST00000553106.1:c.61-25del,,,,,,,intronic_within_30bp_splice_site
chr12,103306706,.,AT,A,0,PASS,PAH,MODIFIER,intron_variant,,2/13,30,ENST00000307000.2:c.46-31del,,,,,,,intronic_within_30bp_splice_site
chr12,103306706,.,AT,A,0,PASS,PAH,MODIFIER,intron_variant,,2/3,30,ENST00000546844.1:c.61-31del,,,,,,,intronic_within_30bp_splice_site
chr12,103306706,.,AT,A,0,PASS,PAH,MODIFIER,intron_variant&non_coding_transcript_variant,,2/3,30,ENST00000548677.1:n.148-31del,,,,,,,intronic_within_30bp_splice_site
chr12,103306706,.,AT,A,0,PASS,PAH,MODIFIER,intron_variant&non_coding_transcript_variant,,1/5,30,ENST00000549111.1:n.157-31del,,,,,,,intronic_within_30bp_splice_site
chr12,103306706,.,AT,A,0,PASS,PAH,MODIFIER,intron_variant&non_coding_transcript_variant,,1/3,30,ENST00000550978.1:n.45-31del,,,,,,,intronic_within_30bp_splice_site
chr12,103306706,.,AT,A,0,PASS,PAH,MODIFIER,intron_variant,,2/4,30,ENST00000551337.1:c.61-31del,,,,,,,intronic_within_30bp_splice_site
chr12,103306706,.,AT,A,0,PASS,PAH,MODIFIER,intron_variant&non_coding_transcript_variant,,1/4,30,ENST00000551988.1:n.150-31del,,,,,,,intronic_within_30bp_splice_site
chr12,103306706,.,AT,A,0,PASS,PAH,MODIFIER,intron_variant,,1/12,30,ENST00000553106.1:c.61-31del,,,,,,,intronic_within_30bp_splice_site
chr12,103310822,.,T,TC,0,PASS,PAH,MODIFIER,intron_variant,,1/13,27,ENST00000307000.2:c.-88+26_-88+27insG,,,,,,,intronic_within_30bp_splice_site
chr12,103310822,.,T,TC,0,PASS,PAH,MODIFIER,intron_variant,,2/3,27,ENST00000546844.1:c.60+26_60+27insG,,,,,,,intronic_within_30bp_splice_site
chr12,103310822,.,T,TC,0,PASS,PAH,MODIFIER,intron_variant&non_coding_transcript_variant,,2/2,27,ENST00000547319.1:n.371+26_371+27insG,,,,,,,intronic_within_30bp_splice_site
chr12,103310822,.,T,TC,0,PASS,PAH,MODIFIER,intron_variant&non_coding_transcript_variant,,1/5,27,ENST00000549111.1:n.156+26_156+27insG,,,,,,,intronic_within_30bp_splice_site
chr12,103310822,.,T,TC,0,PASS,PAH,MODIFIER,intron_variant&non_coding_transcript_variant,,1/3,27,ENST00000550978.1:n.44+26_44+27insG,,,,,,,intronic_within_30bp_splice_site
chr12,103310822,.,T,TC,0,PASS,PAH,MODIFIER,intron_variant,,2/4,27,ENST00000551337.1:c.60+26_60+27insG,,,,,,,intronic_within_30bp_splice_site
chr12,103310822,.,T,TC,0,PASS,PAH,MODIFIER,intron_variant&non_coding_transcript_variant,,1/4,27,ENST00000551988.1:n.149+26_149+27insG,,,,,,,intronic_within_30bp_splice_site
chr12,103310822,.,T,TC,0,PASS,PAH,MODIFIER,intron_variant,,1/12,27,ENST00000553106.1:c.60+26_60+27insG,,,,,,,intronic_within_30bp_splice_site
chr12,103310837,.,G,GC,0,PASS,PAH,MODIFIER,intron_variant,,1/13,12,ENST00000307000.2:c.-88+11dup,,,,,,,intronic_within_30bp_splice_site
chr12,103310837,.,G,GC,0,PASS,PAH,MODIFIER,intron_variant,,2/3,12,ENST00000546844.1:c.60+11dup,,,,,,,intronic_within_30bp_splice_site
chr12,103310837,.,G,GC,0,PASS,PAH,MODIFIER,intron_variant&non_coding_transcript_variant,,2/2,12,ENST00000547319.1:n.371+11dup,,,,,,,intronic_within_30bp_splice_site
chr12,103310837,.,G,GC,0,PASS,PAH,MODIFIER,intron_variant&non_coding_transcript_variant,,1/5,12,ENST00000549111.1:n.156+11dup,,,,,,,intronic_within_30bp_splice_site
chr12,103310837,.,G,GC,0,PASS,PAH,MODIFIER,intron_variant&non_coding_transcript_variant,,1/3,12,ENST00000550978.1:n.44+11dup,,,,,,,intronic_within_30bp_splice_site
chr12,103310837,.,G,GC,0,PASS,PAH,MODIFIER,intron_variant,,2/4,12,ENST00000551337.1:c.60+11dup,,,,,,,intronic_within_30bp_splice_site
chr12,103310837,.,G,GC,0,PASS,PAH,MODIFIER,intron_variant&non_coding_transcript_variant,,1/4,12,ENST00000551988.1:n.149+11dup,,,,,,,intronic_within_30bp_splice_site
chr12,103310837,.,G,GC,0,PASS,PAH,MODIFIER,intron_variant,,1/12,12,ENST00000553106.1:c.60+11dup,,,,,,,intronic_within_30bp_splice_site
chr12,103310854,.,CA,C,0,PASS,PAH,HIGH,frameshift_variant,2/4,,5,ENST00000546844.1:c.54del,ENSP00000446658.1:p.Phe18LeufsTer20,,,,,,impact_HIGH_MODERATE
chr12,103310854,.,CA,C,0,PASS,PAH,HIGH,frameshift_variant,2/5,,5,ENST00000551337.1:c.54del,ENSP00000447620.1:p.Phe18LeufsTer20,,,,,,impact_HIGH_MODERATE
chr12,103310854,.,CA,C,0,PASS,PAH,HIGH,frameshift_variant,1/13,,5,ENST00000553106.1:c.54del,ENSP00000448059.1:p.Phe18LeufsTer20,,,,,,impact_HIGH_MODERATE
chr12,103310866,.,GT,G,0,PASS,PAH,HIGH,frameshift_variant,2/4,,17,ENST00000546844.1:c.42del,ENSP00000446658.1:p.Lys14AsnfsTer24,,,,,,impact_HIGH_MODERATE
chr12,103310866,.,GT,G,0,PASS,PAH,HIGH,frameshift_variant,2/5,,17,ENST00000551337.1:c.42del,ENSP00000447620.1:p.Lys14AsnfsTer24,,,,,,impact_HIGH_MODERATE
chr12,103310866,.,GT,G,0,PASS,PAH,HIGH,frameshift_variant,1/13,,17,ENST00000553106.1:c.42del,ENSP00000448059.1:p.Lys14AsnfsTer24,,,,,,impact_HIGH_MODERATE
chr12,103310882,.,TG,T,0,PASS,PAH,HIGH,frameshift_variant,2/4,,10,ENST00000546844.1:c.26del,ENSP00000446658.1:p.Pro9GlnfsTer29,COSV100187582,,,,,impact_HIGH_MODERATE
chr12,103310882,.,TG,T,0,PASS,PAH,HIGH,frameshift_variant,2/5,,10,ENST00000551337.1:c.26del,ENSP00000447620.1:p.Pro9GlnfsTer29,COSV100187582,,,,,impact_HIGH_MODERATE
chr12,103310882,.,TG,T,0,PASS,PAH,HIGH,frameshift_variant,1/13,,10,ENST00000553106.1:c.26del,ENSP00000448059.1:p.Pro9GlnfsTer29,COSV100187582,,,,,impact_HIGH_MODERATE
chr12,103310892,.,A,AG,0,PASS,PAH,HIGH,frameshift_variant,2/4,,0,ENST00000546844.1:c.16dup,ENSP00000446658.1:p.Leu6ProfsTer12,,,,,,impact_HIGH_MODERATE
chr12,103310892,.,A,AG,0,PASS,PAH,HIGH,frameshift_variant,2/5,,0,ENST00000551337.1:c.16dup,ENSP00000447620.1:p.Leu6ProfsTer12,,,,,,impact_HIGH_MODERATE
chr12,103310892,.,A,AG,0,PASS,PAH,HIGH,frameshift_variant,1/13,,0,ENST00000553106.1:c.16dup,ENSP00000448059.1:p.Leu6ProfsTer12,,,,,,impact_HIGH_MODERATE
chr12,103310895,.,AC,A,0,PASS,PAH,HIGH,frameshift_variant,2/4,,3,ENST00000546844.1:c.13del,ENSP00000446658.1:p.Val5SerfsTer33,rs1592991243&CD1511415,Pathogenic,Phenylketonuria,reviewed_by_expert_panel,NC_000012.11:g.103310897del,impact_HIGH_MODERATE
chr12,103310895,.,AC,A,0,PASS,PAH,HIGH,frameshift_variant,2/5,,3,ENST00000551337.1:c.13del,ENSP00000447620.1:p.Val5SerfsTer33,rs1592991243&CD1511415,Pathogenic,Phenylketonuria,reviewed_by_expert_panel,NC_000012.11:g.103310897del,impact_HIGH_MODERATE
chr12,103310895,.,AC,A,0,PASS,PAH,HIGH,frameshift_variant,1/13,,3,ENST00000553106.1:c.13del,ENSP00000448059.1:p.Val5SerfsTer33,rs1592991243&CD1511415,Pathogenic,Phenylketonuria,reviewed_by_expert_panel,NC_000012.11:g.103310897del,impact_HIGH_MODERATE
chr12,103311020,.,A,AG,0,PASS,PAH,LOW,splice_polypyrimidine_tract_variant&intron_variant&non_coding_transcript_variant,,4/4,12,ENST00000546708.1:n.493-18dup,,,,,,,intronic_within_30bp_splice_site
chr12,103311020,.,A,AG,0,PASS,PAH,LOW,splice_polypyrimidine_tract_variant&intron_variant,,1/3,12,ENST00000546844.1:c.-95-18dup,,,,,,,intronic_within_30bp_splice_site
chr12,103311020,.,A,AG,0,PASS,PAH,LOW,splice_polypyrimidine_tract_variant&intron_variant&non_coding_transcript_variant,,1/2,12,ENST00000547319.1:n.217-18dup,,,,,,,intronic_within_30bp_splice_site
chr12,103311020,.,A,AG,0,PASS,PAH,LOW,splice_polypyrimidine_tract_variant&intron_variant,,1/4,12,ENST00000551337.1:c.-95-18dup,,,,,,,intronic_within_30bp_splice_site
chr12,103311025,.,CA,C,0,PASS,PAH,MODIFIER,intron_variant&non_coding_transcript_variant,,4/4,7,ENST00000546708.1:n.493-23del,,,,,,,intronic_within_30bp_splice_site
chr12,103311025,.,CA,C,0,PASS,PAH,MODIFIER,intron_variant,,1/3,7,ENST00000546844.1:c.-95-23del,,,,,,,intronic_within_30bp_splice_site
chr12,103311025,.,CA,C,0,PASS,PAH,MODIFIER,intron_variant&non_coding_transcript_variant,,1/2,7,ENST00000547319.1:n.217-23del,,,,,,,intronic_within_30bp_splice_site
chr12,103311025,.,CA,C,0,PASS,PAH,MODIFIER,intron_variant,,1/4,7,ENST00000551337.1:c.-95-23del,,,,,,,intronic_within_30bp_splice_site
chr12,103311028,.,A,AG,0,PASS,PAH,MODIFIER,intron_variant&non_coding_transcript_variant,,4/4,4,ENST00000546708.1:n.493-26dup,,,,,,,intronic_within_30bp_splice_site
chr12,103311028,.,A,AG,0,PASS,PAH,MODIFIER,intron_variant,,1/3,4,ENST00000546844.1:c.-95-26dup,,,,,,,intronic_within_30bp_splice_site
chr12,103311028,.,A,AG,0,PASS,PAH,MODIFIER,intron_variant&non_coding_transcript_variant,,1/2,4,ENST00000547319.1:n.217-26dup,,,,,,,intronic_within_30bp_splice_site
chr12,103311028,.,A,AG,0,PASS,PAH,MODIFIER,intron_variant,,1/4,4,ENST00000551337.1:c.-95-26dup,,,,,,,intronic_within_30bp_splice_site
chr12,103311059,.,A,AC,0,PASS,PAH,MODIFIER,intron_variant&non_coding_transcript_variant,,4/4,27,ENST00000546708.1:n.493-57_493-56insG,,,,,,,intronic_within_30bp_splice_site
chr12,103311059,.,A,AC,0,PASS,PAH,MODIFIER,intron_variant,,1/3,27,ENST00000546844.1:c.-95-57_-95-56insG,,,,,,,intronic_within_30bp_splice_site
chr12,103311059,.,A,AC,0,PASS,PAH,MODIFIER,intron_variant&non_coding_transcript_variant,,1/2,27,ENST00000547319.1:n.217-57_217-56insG,,,,,,,intronic_within_30bp_splice_site
chr12,103311059,.,A,AC,0,PASS,PAH,MODIFIER,intron_variant,,1/4,27,ENST00000551337.1:c.-95-57_-95-56insG,,,,,,,intronic_within_30bp_splice_site
chr12,103311061,.,TA,T,0,PASS,PAH,MODIFIER,intron_variant&non_coding_transcript_variant,,4/4,29,ENST00000546708.1:n.493-59del,,,,,,,intronic_within_30bp_splice_site
chr12,103311061,.,TA,T,0,PASS,PAH,MODIFIER,intron_variant,,1/3,29,ENST00000546844.1:c.-95-59del,,,,,,,intronic_within_30bp_splice_site
chr12,103311061,.,TA,T,0,PASS,PAH,MODIFIER,intron_variant&non_coding_transcript_variant,,1/2,29,ENST00000547319.1:n.217-59del,,,,,,,intronic_within_30bp_splice_site
chr12,103311061,.,TA,T,0,PASS,PAH,MODIFIER,intron_variant,,1/4,29,ENST00000551337.1:c.-95-59del,,,,,,,intronic_within_30bp_splice_site
chr12,103311355,.,A,AC,0,PASS,PAH,MODIFIER,intron_variant&non_coding_transcript_variant,,4/4,26,ENST00000546708.1:n.493-353_493-352insG,,,,,,,intronic_within_30bp_splice_site
chr12,103311355,.,A,AC,0,PASS,PAH,MODIFIER,intron_variant,,1/3,26,ENST00000546844.1:c.-95-353_-95-352insG,,,,,,,intronic_within_30bp_splice_site
chr12,103311355,.,A,AC,0,PASS,PAH,MODIFIER,intron_variant&non_coding_transcript_variant,,1/2,26,ENST00000547319.1:n.217-353_217-352insG,,,,,,,intronic_within_30bp_splice_site
chr12,103311355,.,A,AC,0,PASS,PAH,MODIFIER,intron_variant,,1/4,26,ENST00000551337.1:c.-95-353_-95-352insG,,,,,,,intronic_within_30bp_splice_site
chr12,103311358,.,A,AC,0,PASS,PAH,MODIFIER,intron_variant&non_coding_transcript_variant,,4/4,23,ENST00000546708.1:n.493-356_493-355insG,,,,,,,intronic_within_30bp_splice_site
chr12,103311358,.,A,AC,0,PASS,PAH,MODIFIER,intron_variant,,1/3,23,ENST00000546844.1:c.-95-356_-95-355insG,,,,,,,intronic_within_30bp_splice_site
chr12,103311358,.,A,AC,0,PASS,PAH,MODIFIER,intron_variant&non_coding_transcript_variant,,1/2,23,ENST00000547319.1:n.217-356_217-355insG,,,,,,,intronic_within_30bp_splice_site
chr12,103311358,.,A,AC,0,PASS,PAH,MODIFIER,intron_variant,,1/4,23,ENST00000551337.1:c.-95-356_-95-355insG,,,,,,,intronic_within_30bp_splice_site
chr12,103311362,.,GC,G,0,PASS,PAH,MODIFIER,intron_variant&non_coding_transcript_variant,,4/4,19,ENST00000546708.1:n.493-360del,,rs113191080,Benign,not_provided,criteria_provided&_single_submitter,NC_000012.11:g.103311368del,intronic_within_30bp_splice_site
chr12,103311362,.,GC,G,0,PASS,PAH,MODIFIER,intron_variant,,1/3,19,ENST00000546844.1:c.-95-360del,,rs113191080,Benign,not_provided,criteria_provided&_single_submitter,NC_000012.11:g.103311368del,intronic_within_30bp_splice_site
chr12,103311362,.,GC,G,0,PASS,PAH,MODIFIER,intron_variant&non_coding_transcript_variant,,1/2,19,ENST00000547319.1:n.217-360del,,rs113191080,Benign,not_provided,criteria_provided&_single_submitter,NC_000012.11:g.103311368del,intronic_within_30bp_splice_site
chr12,103311362,.,GC,G,0,PASS,PAH,MODIFIER,intron_variant,,1/4,19,ENST00000551337.1:c.-95-360del,,rs113191080,Benign,not_provided,criteria_provided&_single_submitter,NC_000012.11:g.103311368del,intronic_within_30bp_splice_site
chr12,103311371,.,AC,A,0,PASS,PAH,MODIFIER,intron_variant&non_coding_transcript_variant,,4/4,10,ENST00000546708.1:n.493-369del,,rs1565875296,,,,,intronic_within_30bp_splice_site
chr12,103311371,.,AC,A,0,PASS,PAH,MODIFIER,intron_variant,,1/3,10,ENST00000546844.1:c.-95-369del,,rs1565875296,,,,,intronic_within_30bp_splice_site
chr12,103311371,.,AC,A,0,PASS,PAH,MODIFIER,intron_variant&non_coding_transcript_variant,,1/2,10,ENST00000547319.1:n.217-369del,,rs1565875296,,,,,intronic_within_30bp_splice_site
chr12,103311371,.,AC,A,0,PASS,PAH,MODIFIER,intron_variant,,1/4,10,ENST00000551337.1:c.-95-369del,,rs1565875296,,,,,intronic_within_30bp_splice_site
chr12,103311372,.,C,T,0,PASS,PAH,MODIFIER,intron_variant&non_coding_transcript_variant,,4/4,9,ENST00000546708.1:n.493-369G>A,,rs2136735169,,,,,intronic_within_30bp_splice_site
chr12,103311372,.,C,T,0,PASS,PAH,MODIFIER,intron_variant,,1/3,9,ENST00000546844.1:c.-95-369G>A,,rs2136735169,,,,,intronic_within_30bp_splice_site
chr12,103311372,.,C,T,0,PASS,PAH,MODIFIER,intron_variant&non_coding_transcript_variant,,1/2,9,ENST00000547319.1:n.217-369G>A,,rs2136735169,,,,,intronic_within_30bp_splice_site
chr12,103311372,.,C,T,0,PASS,PAH,MODIFIER,intron_variant,,1/4,9,ENST00000551337.1:c.-95-369G>A,,rs2136735169,,,,,intronic_within_30bp_splice_site
